Workbook

Sheet Sheet1
A1: Class+Node [(Identifier (Key)] | B1: Class [Not chosen] | C1: Node [Not chosen] | D1: Required Mods [Not chosen] | E1: English [Source string] | F1: Korean (한국어) [Translation]
A2: Keyed+EndlessGrowth_pleaseRestart | B2: Keyed | C2: EndlessGrowth_pleaseRestart | E2: Please restart to apply modifications! | F2: 변경 사항을 적용하려면 다시 시작하세요!
A3: Keyed+EndlessGrowthModSettingsCategoryLabel | B3: Keyed | C3: EndlessGrowthModSettingsCategoryLabel | E3: Endless Growth | F3: - Endless Growth -
A4: Keyed+EndlessGrowth_maxLevelExplanation | B4: Keyed | C4: EndlessGrowth_maxLevelExplanation | E4: Sets the max level. -1 for infinite. | F4: 최대 레벨을 설정합니다. -1은 무한을 의미합니다.
A5: Keyed+EndlessGrowth_unlimitedPriceExplanation | B5: Keyed | C5: EndlessGrowth_unlimitedPriceExplanation | E5: Set to true to allow the sell price to be above the buy price (and trust yourself not to abuse it). | F5: 판매 가격이 구매 가격을 초과할 수 있도록 허용하려면 true로 설정하세요 (남용하지 않을 자신이 있을 경우에만).
A6: Keyed+EndlessGrowth_gapForMaxBillExplanation | B6: Keyed | C6: EndlessGrowth_gapForMaxBillExplanation | E6: The gap between your highest skill level and the max level possible in bills. Changing this will probably need you to redo the max on your existing bills. | F6: 가장 높은 기술 레벨과 계획서에서 가능한 최대 레벨 간의 차이입니다. 이 값을 변경하면 기존 계획서의 최대치를 다시 설정해야 할 수도 있습니다.
A7: Keyed+EndlessGrowth_craftNotificationsEnabledExplanation | B7: Keyed | C7: EndlessGrowth_craftNotificationsEnabledExplanation | E7: Are the Masterwork/Legendary craft notifications enabled? | F7: 걸작/전설 등급 제작 알림을 활성화 하시겠습니까?
A8: Keyed+Skill21 | B8: Keyed | C8: Skill21 | E8: Transcended | F8: 초월
A9: Keyed+Skill22 | B9: Keyed | C9: Skill22 | E9: Transcended | F9: 초월
A10: Keyed+Skill23 | B10: Keyed | C10: Skill23 | E10: Transcended | F10: 초월
A11: Keyed+Skill24 | B11: Keyed | C11: Skill24 | E11: Transcended | F11: 초월
A12: Keyed+Skill25 | B12: Keyed | C12: Skill25 | E12: Transcended | F12: 초월
A13: Keyed+Skill26 | B13: Keyed | C13: Skill26 | E13: Transcended Expert | F13: 초월 전문가
... A87: Keyed+Skill100 | B87: Keyed | C87: Skill100 | E87: Transcended God of Transcended Gods of Transcended Doom | F87: 초월적인 파멸의 초월 신들의 초월 신

Sheet Sheet2
A1: Keyed+Skill21 | B1: Keyed | C1: Skill21 | F1: 초월 | G1: {=_xlfn.LAMBDA(_xlpm.x,IF(ISERROR(_xlpm.x),"NODE NOT FOUND",""))(VLOOKUP(A1,Sheet1!$A$2:$A$9999,1,FALSE))}
A2: Keyed+Skill22 | B2: Keyed | C2: Skill22 | F2: 초월 | G2: {=_xlfn.LAMBDA(_xlpm.x,IF(ISERROR(_xlpm.x),"NODE NOT FOUND",""))(VLOOKUP(A2,Sheet1!$A$2:$A$9999,1,FALSE))}
A3: Keyed+Skill23 | B3: Keyed | C3: Skill23 | F3: 초월 | G3: {=_xlfn.LAMBDA(_xlpm.x,IF(ISERROR(_xlpm.x),"NODE NOT FOUND",""))(VLOOKUP(A3,Sheet1!$A$2:$A$9999,1,FALSE))}
A4: Keyed+Skill24 | B4: Keyed | C4: Skill24 | F4: 초월 | G4: {=_xlfn.LAMBDA(_xlpm.x,IF(ISERROR(_xlpm.x),"NODE NOT FOUND",""))(VLOOKUP(A4,Sheet1!$A$2:$A$9999,1,FALSE))}
A5: Keyed+Skill25 | B5: Keyed | C5: Skill25 | F5: 초월 | G5: {=_xlfn.LAMBDA(_xlpm.x,IF(ISERROR(_xlpm.x),"NODE NOT FOUND",""))(VLOOKUP(A5,Sheet1!$A$2:$A$9999,1,FALSE))}
A6: Keyed+Skill26 | B6: Keyed | C6: Skill26 | F6: 초월 전문가 | G6: {=_xlfn.LAMBDA(_xlpm.x,IF(ISERROR(_xlpm.x),"NODE NOT FOUND",""))(VLOOKUP(A6,Sheet1!$A$2:$A$9999,1,FALSE))}
A7: Keyed+Skill27 | B7: Keyed | C7: Skill27 | F7: 초월 전문가 | G7: {=_xlfn.LAMBDA(_xlpm.x,IF(ISERROR(_xlpm.x),"NODE NOT FOUND",""))(VLOOKUP(A7,Sheet1!$A$2:$A$9999,1,FALSE))}
A8: Keyed+Skill28 | B8: Keyed | C8: Skill28 | F8: 초월 전문가 | G8: {=_xlfn.LAMBDA(_xlpm.x,IF(ISERROR(_xlpm.x),"NODE NOT FOUND",""))(VLOOKUP(A8,Sheet1!$A$2:$A$9999,1,FALSE))}
A9: Keyed+Skill29 | B9: Keyed | C9: Skill29 | F9: 초월 전문가 | G9: {=_xlfn.LAMBDA(_xlpm.x,IF(ISERROR(_xlpm.x),"NODE NOT FOUND",""))(VLOOKUP(A9,Sheet1!$A$2:$A$9999,1,FALSE))}
A10: Keyed+Skill30 | B10: Keyed | C10: Skill30 | F10: 초월 전문가 | G10: {=_xlfn.LAMBDA(_xlpm.x,IF(ISERROR(_xlpm.x),"NODE NOT FOUND",""))(VLOOKUP(A10,Sheet1!$A$2:$A$9999,1,FALSE))}
A11: Keyed+Skill31 | B11: Keyed | C11: Skill31 | F11: 초월 마스터 | G11: {=_xlfn.LAMBDA(_xlpm.x,IF(ISERROR(_xlpm.x),"NODE NOT FOUND",""))(VLOOKUP(A11,Sheet1!$A$2:$A$9999,1,FALSE))}
A12: Keyed+Skill32 | B12: Keyed | C12: Skill32 | F12: 초월 마스터 | G12: {=_xlfn.LAMBDA(_xlpm.x,IF(ISERROR(_xlpm.x),"NODE NOT FOUND",""))(VLOOKUP(A12,Sheet1!$A$2:$A$9999,1,FALSE))}
... A80: Keyed+Skill100 | B80: Keyed | C80: Skill100 | F80: 걍니가최고먹어라 | G80: {=_xlfn.LAMBDA(_xlpm.x,IF(ISERROR(_xlpm.x),"NODE NOT FOUND",""))(VLOOKUP(A80,Sheet1!$A$2:$A$9999,1,FALSE))}
