Workbook

Sheet Main_260211
A1: Class+Node [(Identifier (Key)] | B1: Class [Not chosen] | C1: Node [Not chosen] | D1: Required Mods [Not chosen] | E1: English [Source string] | F1: Korean (한국어) [Translation]
A2: AbilityDef+VFEP_FiringFrenzy.label | B2: AbilityDef | C2: VFEP_FiringFrenzy.label | E2: firing frenzy | F2: 사격 열광
A3: AbilityDef+VFEP_FiringFrenzy.description | B3: AbilityDef | C3: VFEP_FiringFrenzy.description | E3: Inspire everyone nearby to increase their firing rate and withstand greater amounts of pain. The effect remains attached to the caster for 24 hours. | F3: 주변의 모든 이들에게 사격 속도를 증가시키고, 더 큰 고통을 견딜 수 있는 용기를 불어넣습니다. 효과는 24시간 동안 유지됩니다.
A4: AbilityDef+VWEB_WarbolterLongBurner.label | B4: AbilityDef | C4: VWEB_WarbolterLongBurner.label | E4: warbolter long burner | F4: 워볼터 화염방사기
A5: AbilityDef+VWEB_WarbolterLongBurner.description | B5: AbilityDef | C5: VWEB_WarbolterLongBurner.description | E5: Fire a short-ranged flame blast over a short but wide area. | F5: 매우 먼 거리까지 화염을 발사합니다.
A6: BodyDef+VFEP_Wardrone.corePart.parts.0.parts.0.parts.1.customLabel | B6: BodyDef | C6: VFEP_Wardrone.corePart.parts.0.parts.0.parts.1.customLabel | E6: left sight sensor | F6: 왼쪽 시각 센서
A7: BodyDef+VFEP_Wardrone.corePart.parts.0.parts.0.parts.2.customLabel | B7: BodyDef | C7: VFEP_Wardrone.corePart.parts.0.parts.0.parts.2.customLabel | E7: right sight sensor | F7: 오른쪽 시각 센서
A8: BodyDef+VFEP_Wardrone.corePart.parts.0.parts.0.parts.3.customLabel | B8: BodyDef | C8: VFEP_Wardrone.corePart.parts.0.parts.0.parts.3.customLabel | E8: left hearing sensor | F8: 왼쪽 청각 센서
A9: BodyDef+VFEP_Wardrone.corePart.parts.0.parts.0.parts.4.customLabel | B9: BodyDef | C9: VFEP_Wardrone.corePart.parts.0.parts.0.parts.4.customLabel | E9: right hearing sensor | F9: 오른쪽 청각 센서
A10: BodyDef+VFEP_Wardrone.corePart.parts.1.customLabel | B10: BodyDef | C10: VFEP_Wardrone.corePart.parts.1.customLabel | E10: left propeller | F10: 왼쪽 추진기
A11: BodyDef+VFEP_Wardrone.corePart.parts.2.customLabel | B11: BodyDef | C11: VFEP_Wardrone.corePart.parts.2.customLabel | E11: right propeller | F11: 오른쪽 추진기
A12: BodyDef+VFEP_Spidermine.corePart.parts.0.parts.0.parts.1.customLabel | B12: BodyDef | C12: VFEP_Spidermine.corePart.parts.0.parts.0.parts.1.customLabel | E12: left sight sensor | F12: 왼쪽 시각 센서
A13: BodyDef+VFEP_Spidermine.corePart.parts.0.parts.0.parts.2.customLabel | B13: BodyDef | C13: VFEP_Spidermine.corePart.parts.0.parts.0.parts.2.customLabel | E13: right sight sensor | F13: 오른쪽 시각 센서
... A1116: Strings+Names.Junker_Last.100 | B1116: Strings | C1116: Names.Junker_Last.100 | E1116: Zealous | F1116: 질러스

Sheet Old
A1: Class+Node [(Identifier (Key)] | B1: Class [Not chosen] | C1: Node [Not chosen] | D1: EN [Source string] | E1: KO [Translation] | F1: Configs [Not chosen] | G1: Rimgaller1 [Not chosen]
A2: VFECore.Abilities.AbilityDef+VFEP_GrapplingHook.label | B2: VFECore.Abilities.AbilityDef | C2: VFEP_GrapplingHook.label | D2: grappling hook | E2: 그래플링 훅 | F2: pakageID | G2: {=_xlfn.lambda(_xlpm.x,IFERROR(_xlpm.x,""))(VLOOKUP(A2,Merge!$A$122:$B$797,2,FALSE()))} -> #VALUE!
A3: VFECore.Abilities.AbilityDef+VFEP_GrapplingHook.jobReportString | B3: VFECore.Abilities.AbilityDef | C3: VFEP_GrapplingHook.jobReportString | E3: 그래플링 훅 사용 중 | F3: OskarPotocki.VFE.Pirates
A4: VFECore.Abilities.AbilityDef+VFEP_GrapplingHook.description | B4: VFECore.Abilities.AbilityDef | C4: VFEP_GrapplingHook.description | D4: Grappling hook connects to walls and solid rock and allows the users to quickly move to the desired location. The launcher does not require ammunition, but time needs to be reserved between shots to wind it up again. | E4: 갈고리 사슬을 벽에 고정시켜 사용자가 원하는 위치로 빠르게 이동할 수 있게 해줍니다. 사용에 별도의 준비가 필요하진 않으나, 재차 사용하려면 연결된 사슬을 다시 감아올릴 시간이 필요합니다. | F4: modName (folderName) | G4: {=_xlfn.lambda(_xlpm.x,IFERROR(_xlpm.x,""))(VLOOKUP(A4,Merge!$A$122:$B$797,2,FALSE()))} -> #VALUE!
A5: VFECore.Abilities.AbilityDef+VFEP_SiegeMode.label | B5: VFECore.Abilities.AbilityDef | C5: VFEP_SiegeMode.label | D5: Siege Mode | E5: 공성 모드 | F5: Vanilla Factions Expanded - Pirates - 2723801948 | G5: {=_xlfn.lambda(_xlpm.x,IFERROR(_xlpm.x,""))(VLOOKUP(A5,Merge!$A$122:$B$797,2,FALSE()))} -> #VALUE!
A6: VFECore.Abilities.AbilityDef+VFEP_SiegeMode.jobReportString | B6: VFECore.Abilities.AbilityDef | C6: VFEP_SiegeMode.jobReportString | E6: 공성 모드 사용 중
A7: VFECore.Abilities.AbilityDef+VFEP_SiegeMode.description | B7: VFECore.Abilities.AbilityDef | C7: VFEP_SiegeMode.description | D7: Drill yourself into the ground in order to gain more stability and turn yourself into a stationary artillery unit, increasing the attack range and reload efficiency drastically. | E7: 사격 안정성을 높이기 위해 지면에 다리를 박고 고정 포대가 되어 사거리를 늘이고 재사용 대기시간을 줄입니다.\n\n제자리에서 벗어나면 자동으로 해제됩니다. | G7: {=_xlfn.lambda(_xlpm.x,IFERROR(_xlpm.x,""))(VLOOKUP(A7,Merge!$A$122:$B$797,2,FALSE()))} -> #VALUE!
A8: VFECore.Abilities.AbilityDef+VFEP_PowerJump.label | B8: VFECore.Abilities.AbilityDef | C8: VFEP_PowerJump.label | D8: Power jump | E8: 충격 도약 | G8: {=_xlfn.lambda(_xlpm.x,IFERROR(_xlpm.x,""))(VLOOKUP(A8,Merge!$A$122:$B$797,2,FALSE()))} -> #VALUE!
A9: VFECore.Abilities.AbilityDef+VFEP_PowerJump.jobReportString | B9: VFECore.Abilities.AbilityDef | C9: VFEP_PowerJump.jobReportString | E9: 충격 도약 사용 중
A10: VFECore.Abilities.AbilityDef+VFEP_PowerJump.description | B10: VFECore.Abilities.AbilityDef | C10: VFEP_PowerJump.description | D10: Use shoulder-mounted jump packs to travel a short distance and create a small explosion at both start and end of the flight. | E10: 어깨에 달린 점프팩을 사용해 짧은 거리를 뛰어오릅니다. 도약과 착지 순간 주변에 작은 폭발을 일으킵니다. | G10: {=_xlfn.lambda(_xlpm.x,IFERROR(_xlpm.x,""))(VLOOKUP(A10,Merge!$A$122:$B$797,2,FALSE()))} -> #VALUE!
A11: VFECore.Abilities.AbilityDef+VFEP_BlastOff.label | B11: VFECore.Abilities.AbilityDef | C11: VFEP_BlastOff.label | D11: Blast off | E11: 강습 비행 | G11: {=_xlfn.lambda(_xlpm.x,IFERROR(_xlpm.x,""))(VLOOKUP(A11,Merge!$A$122:$B$797,2,FALSE()))} -> #VALUE!
A12: VFECore.Abilities.AbilityDef+VFEP_BlastOff.jobReportString | B12: VFECore.Abilities.AbilityDef | C12: VFEP_BlastOff.jobReportString | E12: 강습 비행 사용 중
A13: VFECore.Abilities.AbilityDef+VFEP_BlastOff.description | B13: VFECore.Abilities.AbilityDef | C13: VFEP_BlastOff.description | D13: Fire a large propulsion engine strapped to the back of your armor and designate a location on the world map to drop pod into. This will create a large explosion at the destination, but will most likely leave you stranded without fuel for the trip back. | E13: 등에 달린 추력 엔진을 사용하여 하늘로 날아올라, 세계 지도에서 지정한 지역에 커다란 폭발을 일으키며 착지합니다. 경로 계산 시스템이 정밀하지 않아서 착지 지점은 맵 중앙으로 고정됩니다.\n\n비행 중에 모든 연료를 써버리기 때문에, 계획을 잘 세우지 않으면 고립되고 말 것입니다. | G13: {=_xlfn.lambda(_xlpm.x,IFERROR(_xlpm.x,""))(VLOOKUP(A13,Merge!$A$122:$B$797,2,FALSE()))} -> #VALUE!
A14: ThingDef+VFEP_Bullet_GrapplingHook.label | B14: ThingDef | C14: VFEP_Bullet_GrapplingHook.label | D14: grappling hook | E14: 갈고리 | G14: {=_xlfn.lambda(_xlpm.x,IFERROR(_xlpm.x,""))(VLOOKUP(A14,Merge!$A$122:$B$797,2,FALSE()))} -> #VALUE!
A15: ThingDef+VFEP_ActiveDropPawn.label | B15: ThingDef | C15: VFEP_ActiveDropPawn.label | D15: drop pawn | G15: {=_xlfn.lambda(_xlpm.x,IFERROR(_xlpm.x,""))(VLOOKUP(A15,Merge!$A$122:$B$797,2,FALSE()))} -> #VALUE!
A16: ThingDef+VFEP_Bullet_GauntletChargeCanon.label | B16: ThingDef | C16: VFEP_Bullet_GauntletChargeCanon.label | D16: gauntlet charge cannon bullet | E16: 펄스 충전 탄환 | G16: {=_xlfn.lambda(_xlpm.x,IFERROR(_xlpm.x,""))(VLOOKUP(A16,Merge!$A$122:$B$797,2,FALSE()))} -> #VALUE!
A17: ThingDef+VFEP_GauntletChargeCanon.label | B17: ThingDef | C17: VFEP_GauntletChargeCanon.label | D17: gauntlet charge cannon | E17: 건틀렛 차지 캐논 | G17: {=_xlfn.lambda(_xlpm.x,IFERROR(_xlpm.x,""))(VLOOKUP(A17,Merge!$A$122:$B$797,2,FALSE()))} -> #VALUE!
A18: ThingDef+VFEP_GauntletChargeCanon.description | B18: ThingDef | C18: VFEP_GauntletChargeCanon.description | D18: Ship mounted anti-armor charge cannon, often utilised in ship-to-ship combat in low atmosphere. | E18: 저궤도 전투함에서 주로 쓰이는 고정형 대장갑 차지 캐논입니다. | G18: {=_xlfn.lambda(_xlpm.x,IFERROR(_xlpm.x,""))(VLOOKUP(A18,Merge!$A$122:$B$797,2,FALSE()))} -> #VALUE!
A19: ThingDef+VFEP_CrashedShip_Black.label | B19: ThingDef | C19: VFEP_CrashedShip_Black.label | D19: crashed ship | E19: 추락한 건틀렛 함선 | G19: {=_xlfn.lambda(_xlpm.x,IFERROR(_xlpm.x,""))(VLOOKUP(A19,Merge!$A$122:$B$797,2,FALSE()))} -> #VALUE!
A20: ThingDef+VFEP_CrashedShip_Black.description | B20: ThingDef | C20: VFEP_CrashedShip_Black.description | D20: The Gauntlet combat-grade spacecraft is a ship-launched fighter cleared for low atmosphere operations. It was designed to strafe targets and take out enemy air units, however it fell out of favour due to numerous shortcomings and can frequently be found as part of military surplus.\n\nIt was not intended to land planetside as it doesn’t even have landing gear, but some enterprising individuals have decided to do just that. The mounted charge cannon works perfectly well against armored targets and the interior has been retrofitted to accommodate raid parties and supplies. The extra weight all but guarantees that the ship will be non-recoverable and create massive chaos when it flops onto the surface. | E20: 건틀렛 전투함은 모선에서 발진하여 대기권 저층에서의 작전을 수행하도록 설계되었습니다. 지상에 화력을 지원하거나 공중전에 쓰이도록 만들어졌지만, 각종 결함으로 인해 군의 관심을 잃게 되어 민간에 헐값으로 불하되는 신세가 되었습니다.\n\n우주에 가까운 높은 고도에서 활용할 목적이었기 때문에 지상 착륙을 위한 기어조차 달리지 않았지만, 몇몇 '진취적인' 사람들에겐 그러지 않을 이유가 되지 못했습니다. 어쨌든 장착된 차지 캐논은 중장갑에 아주 탁월했기 때문에, 습격조와 보급품을 실을 수 있도록 내부를 개조했습니다. 이렇게 늘어난 무게는 상승력을 떨어뜨려 추락하는 것 말고는 할 수 없게 되었으며, 지면에 충돌하며 엄청난 혼돈을 일으킬 것을 확실하게 보장해 줍니다. | G20: {=_xlfn.lambda(_xlpm.x,IFERROR(_xlpm.x,""))(VLOOKUP(A20,Merge!$A$122:$B$797,2,FALSE()))} -> #VALUE!
A21: ThingDef+VFEP_CrashedShip_Green.label | B21: ThingDef | C21: VFEP_CrashedShip_Green.label | D21: crashed ship | E21: 추락한 건틀렛 함선 | G21: {=_xlfn.lambda(_xlpm.x,IFERROR(_xlpm.x,""))(VLOOKUP(A21,Merge!$A$122:$B$797,2,FALSE()))} -> #VALUE!
A22: ThingDef+VFEP_CrashedShip_Green.description | B22: ThingDef | C22: VFEP_CrashedShip_Green.description | D22: The Gauntlet combat-grade spacecraft is a ship-launched fighter cleared for low atmosphere operations. It was designed to strafe targets and take out enemy air units, however it fell out of favour due to numerous shortcomings and can frequently be found as part of military surplus.\n\nIt was not intended to land planetside as it doesn’t even have landing gear, but some enterprising individuals have decided to do just that. The mounted charge cannon works perfectly well against armored targets and the interior has been retrofitted to accommodate raid parties and supplies. The extra weight all but guarantees that the ship will be non-recoverable and create massive chaos when it flops onto the surface. | E22: 건틀렛 전투함은 모선에서 발진하여 대기권 저층에서의 작전을 수행하도록 설계되었습니다. 지상에 화력을 지원하거나 공중전에 쓰이도록 만들어졌지만, 각종 결함으로 인해 군의 관심을 잃게 되어 민간에 헐값으로 불하되는 신세가 되었습니다.\n\n우주에 가까운 높은 고도에서 활용할 목적이었기 때문에 지상 착륙을 위한 기어조차 달리지 않았지만, 몇몇 '진취적인' 사람들에겐 그러지 않을 이유가 되지 못했습니다. 어쨌든 장착된 차지 캐논은 중장갑에 아주 탁월했기 때문에, 습격조와 보급품을 실을 수 있도록 내부를 개조했습니다. 이렇게 늘어난 무게는 상승력을 떨어뜨려 추락하는 것 말고는 할 수 없게 되었으며, 지면에 충돌하며 엄청난 혼돈을 일으킬 것을 확실하게 보장해 줍니다. | G22: {=_xlfn.lambda(_xlpm.x,IFERROR(_xlpm.x,""))(VLOOKUP(A22,Merge!$A$122:$B$797,2,FALSE()))} -> #VALUE!
A23: ThingDef+VFEP_CrashedShip_Orange.label | B23: ThingDef | C23: VFEP_CrashedShip_Orange.label | D23: crashed ship | E23: 추락한 건틀렛 함선 | G23: {=_xlfn.lambda(_xlpm.x,IFERROR(_xlpm.x,""))(VLOOKUP(A23,Merge!$A$122:$B$797,2,FALSE()))} -> #VALUE!
A24: ThingDef+VFEP_CrashedShip_Orange.description | B24: ThingDef | C24: VFEP_CrashedShip_Orange.description | D24: The Gauntlet combat-grade spacecraft is a ship-launched fighter cleared for low atmosphere operations. It was designed to strafe targets and take out enemy air units, however it fell out of favour due to numerous shortcomings and can frequently be found as part of military surplus.\n\nIt was not intended to land planetside as it doesn’t even have landing gear, but some enterprising individuals have decided to do just that. The mounted charge cannon works perfectly well against armored targets and the interior has been retrofitted to accommodate raid parties and supplies. The extra weight all but guarantees that the ship will be non-recoverable and create massive chaos when it flops onto the surface. | E24: 건틀렛 전투함은 모선에서 발진하여 대기권 저층에서의 작전을 수행하도록 설계되었습니다. 지상에 화력을 지원하거나 공중전에 쓰이도록 만들어졌지만, 각종 결함으로 인해 군의 관심을 잃게 되어 민간에 헐값으로 불하되는 신세가 되었습니다.\n\n우주에 가까운 높은 고도에서 활용할 목적이었기 때문에 지상 착륙을 위한 기어조차 달리지 않았지만, 몇몇 '진취적인' 사람들에겐 그러지 않을 이유가 되지 못했습니다. 어쨌든 장착된 차지 캐논은 중장갑에 아주 탁월했기 때문에, 습격조와 보급품을 실을 수 있도록 내부를 개조했습니다. 이렇게 늘어난 무게는 상승력을 떨어뜨려 추락하는 것 말고는 할 수 없게 되었으며, 지면에 충돌하며 엄청난 혼돈을 일으킬 것을 확실하게 보장해 줍니다. | G24: {=_xlfn.lambda(_xlpm.x,IFERROR(_xlpm.x,""))(VLOOKUP(A24,Merge!$A$122:$B$797,2,FALSE()))} -> #VALUE!
A25: ThingDef+VFEP_CrashedShip_Red.label | B25: ThingDef | C25: VFEP_CrashedShip_Red.label | D25: crashed ship | E25: 추락한 건틀렛 함선 | G25: {=_xlfn.lambda(_xlpm.x,IFERROR(_xlpm.x,""))(VLOOKUP(A25,Merge!$A$122:$B$797,2,FALSE()))} -> #VALUE!
A26: ThingDef+VFEP_CrashedShip_Red.description | B26: ThingDef | C26: VFEP_CrashedShip_Red.description | D26: The Gauntlet combat-grade spacecraft is a ship-launched fighter cleared for low atmosphere operations. It was designed to strafe targets and take out enemy air units, however it fell out of favour due to numerous shortcomings and can frequently be found as part of military surplus.\n\nIt was not intended to land planetside as it doesn’t even have landing gear, but some enterprising individuals have decided to do just that. The mounted charge cannon works perfectly well against armored targets and the interior has been retrofitted to accommodate raid parties and supplies. The extra weight all but guarantees that the ship will be non-recoverable and create massive chaos when it flops onto the surface. | E26: 건틀렛 전투함은 모선에서 발진하여 대기권 저층에서의 작전을 수행하도록 설계되었습니다. 지상에 화력을 지원하거나 공중전에 쓰이도록 만들어졌지만, 각종 결함으로 인해 군의 관심을 잃게 되어 민간에 헐값으로 불하되는 신세가 되었습니다.\n\n우주에 가까운 높은 고도에서 활용할 목적이었기 때문에 지상 착륙을 위한 기어조차 달리지 않았지만, 몇몇 '진취적인' 사람들에겐 그러지 않을 이유가 되지 못했습니다. 어쨌든 장착된 차지 캐논은 중장갑에 아주 탁월했기 때문에, 습격조와 보급품을 실을 수 있도록 내부를 개조했습니다. 이렇게 늘어난 무게는 상승력을 떨어뜨려 추락하는 것 말고는 할 수 없게 되었으며, 지면에 충돌하며 엄청난 혼돈을 일으킬 것을 확실하게 보장해 줍니다. | G26: {=_xlfn.lambda(_xlpm.x,IFERROR(_xlpm.x,""))(VLOOKUP(A26,Merge!$A$122:$B$797,2,FALSE()))} -> #VALUE!
A27: ThingDef+VFEP_WarcasketFoundry.label | B27: ThingDef | C27: VFEP_WarcasketFoundry.label | D27: warcasket foundry | E27: 워캐스킷 주조대 | G27: {=_xlfn.lambda(_xlpm.x,IFERROR(_xlpm.x,""))(VLOOKUP(A27,Merge!$A$122:$B$797,2,FALSE()))} -> #VALUE!
... A34: ThingDef+VFEP_Turret_Cannon.description | B34: ThingDef | C34: VFEP_Turret_Cannon.description | D34: A portable medieval cannon mounted on a 180 degree swivel that launches roughly-rounded balls of steel at a considerable range. The accuracy is rather lacking, but it is a vast improvement compared to catapults while also having a considerably faster fire rate. | E34: 강철로 만든 쇠구슬을 먼 거리로 날려 보내는 중세식 대포입니다. 포가는 180° 회전이 가능하며, 바퀴가 달려있어 위치를 옮길 수 있습니다. 정확도는 상대적으로 떨어지지만, 투석기 같은 것과 비교하면 장족의 발전이라 할 수 있는 데다 발사 속도도 상당히 빠릅니다. | G34: {=_xlfn.lambda(_xlpm.x,IFERROR(_xlpm.x,""))(VLOOKUP(A34,Merge!$A$122:$B$797,2,FALSE()))} -> #VALUE!
A35: ThingDef+VFEP_Turret_Cannon.comps.1.fuelLabel | B35: ThingDef | C35: VFEP_Turret_Cannon.comps.1.fuelLabel | D35: Cannonball | G35: {=_xlfn.lambda(_xlpm.x,IFERROR(_xlpm.x,""))(VLOOKUP(A35,Merge!$A$122:$B$797,2,FALSE()))} -> #VALUE!
A36: ThingDef+VFEP_Turret_Cannon.comps.1.fuelGizmoLabel | B36: ThingDef | C36: VFEP_Turret_Cannon.comps.1.fuelGizmoLabel | D36: Cannonball | G36: {=_xlfn.lambda(_xlpm.x,IFERROR(_xlpm.x,""))(VLOOKUP(A36,Merge!$A$122:$B$797,2,FALSE()))} -> #VALUE!
A37: ThingDef+VFEP_Turret_Cannon.comps.1.outOfFuelMessage | B37: ThingDef | C37: VFEP_Turret_Cannon.comps.1.outOfFuelMessage | D37: Cannot shoot: Needs a cannonball | G37: {=_xlfn.lambda(_xlpm.x,IFERROR(_xlpm.x,""))(VLOOKUP(A37,Merge!$A$122:$B$797,2,FALSE()))} -> #VALUE!
A38: ThingDef+VFEP_Turret_Cannon.comps.3.fuelLabel | B38: ThingDef | C38: VFEP_Turret_Cannon.comps.3.fuelLabel | D38: Cannonball | E38: 남은 포탄 | G38: {=_xlfn.lambda(_xlpm.x,IFERROR(_xlpm.x,""))(VLOOKUP(A38,Merge!$A$122:$B$797,2,FALSE()))} -> #VALUE!
A39: ThingDef+VFEP_Turret_Cannon.comps.3.fuelGizmoLabel | B39: ThingDef | C39: VFEP_Turret_Cannon.comps.3.fuelGizmoLabel | D39: Cannonball | E39: 남은 포탄 | G39: {=_xlfn.lambda(_xlpm.x,IFERROR(_xlpm.x,""))(VLOOKUP(A39,Merge!$A$122:$B$797,2,FALSE()))} -> #VALUE!
A40: ThingDef+VFEP_Turret_Cannon.comps.3.outOfFuelMessage | B40: ThingDef | C40: VFEP_Turret_Cannon.comps.3.outOfFuelMessage | D40: Cannot shoot: Needs a cannonball | E40: 재장전 필요 | G40: {=_xlfn.lambda(_xlpm.x,IFERROR(_xlpm.x,""))(VLOOKUP(A40,Merge!$A$122:$B$797,2,FALSE()))} -> #VALUE!
A41: ThingDef+VFEP_Artillery_Cannon.label | B41: ThingDef | C41: VFEP_Artillery_Cannon.label | D41: cannon | E41: 대포 | G41: {=_xlfn.lambda(_xlpm.x,IFERROR(_xlpm.x,""))(VLOOKUP(A41,Merge!$A$122:$B$797,2,FALSE()))} -> #VALUE!
A42: ThingDef+VFEP_Artillery_Cannon.description | B42: ThingDef | C42: VFEP_Artillery_Cannon.description | D42: A manned gun that launches all kinds of shells. A variation of the mortar with all the benefits and drawbacks, however it has a 90 degree cone of direct-fire in exchange for having an effective firing rate that is twice as fast. | E42: 강철로 만든 쇠구슬을 먼 거리로 날려 보내는 중세식 대포입니다. 정확도는 상대적으로 떨어지지만, 투석기 같은 것과 비교하면 장족의 발전이라 할 수 있는 데다 발사 속도도 상당히 빠릅니다. | G42: {=_xlfn.lambda(_xlpm.x,IFERROR(_xlpm.x,""))(VLOOKUP(A42,Merge!$A$122:$B$797,2,FALSE()))} -> #VALUE!
A43: ThingDef+VFEP_Bullet_Cannonball.label | B43: ThingDef | C43: VFEP_Bullet_Cannonball.label | D43: cannonball | E43: 포탄 | G43: {=_xlfn.lambda(_xlpm.x,IFERROR(_xlpm.x,""))(VLOOKUP(A43,Merge!$A$122:$B$797,2,FALSE()))} -> #VALUE!
A44: ThingDef+VFEP_ShipChunkDebris.label | B44: ThingDef | C44: VFEP_ShipChunkDebris.label | D44: ship chunk debris | E44: 함선 잔해 | G44: {=_xlfn.lambda(_xlpm.x,IFERROR(_xlpm.x,""))(VLOOKUP(A44,Merge!$A$122:$B$797,2,FALSE()))} -> #VALUE!
A45: ThingDef+VFEP_ShipChunkDebris.description | B45: ThingDef | C45: VFEP_ShipChunkDebris.description | D45: A chunk of a combat-grade spacecraft. It seems to have been torn off either by uncontrolled re-entry forces or some kind of weapon. It is densely packed with double-layer armor plating and control systems, which can be acquired by deconstructing it. | E45: 전투함의 잔해입니다. 대기권에 진입하면서 찢겨나왔거나, 어떠한 무기에 맞은 것으로 보입니다. 해체하면 이중 장갑판과 제어 시스템에서 약간의 강철과 부품을 얻을 수 있습니다. | G45: {=_xlfn.lambda(_xlpm.x,IFERROR(_xlpm.x,""))(VLOOKUP(A45,Merge!$A$122:$B$797,2,FALSE()))} -> #VALUE!
A46: ThingDef+VFEP_ShipChunkBattery.label | B46: ThingDef | C46: VFEP_ShipChunkBattery.label | D46: ship chunk battery | E46: 함선 잔해 (축전지) | G46: {=_xlfn.lambda(_xlpm.x,IFERROR(_xlpm.x,""))(VLOOKUP(A46,Merge!$A$122:$B$797,2,FALSE()))} -> #VALUE!
A47: ThingDef+VFEP_ShipChunkBattery.description | B47: ThingDef | C47: VFEP_ShipChunkBattery.description | D47: The mangled remains of ship-borne battery, used to power systems with high power draw for short periods. It was leaps and bounds about Rimworld battery technology but it can no longer be recharged and yields decent salvage once it’s stored charge has run out. | E47: 함선 잔해 사이에서 짓눌린 축전지입니다. 변방계 기술력을 훌쩍 뛰어넘는 성능으로 높은 순간 출력을 감당할 수 있지만, 손상으로 인해 더 이상 충전이 불가능해졌습니다. 해체하면 약간의 강철과 부품을 얻을 수 있습니다. | G47: {=_xlfn.lambda(_xlpm.x,IFERROR(_xlpm.x,""))(VLOOKUP(A47,Merge!$A$122:$B$797,2,FALSE()))} -> #VALUE!
A48: ThingDef+VFEP_ShipChunkCryptosleepCasket.label | B48: ThingDef | C48: VFEP_ShipChunkCryptosleepCasket.label | D48: ship chunk cryptosleep casket | E48: 함선 잔해 (동면관) | G48: {=_xlfn.lambda(_xlpm.x,IFERROR(_xlpm.x,""))(VLOOKUP(A48,Merge!$A$122:$B$797,2,FALSE()))} -> #VALUE!
A49: ThingDef+VFEP_ShipChunkCryptosleepCasket.description | B49: ThingDef | C49: VFEP_ShipChunkCryptosleepCasket.description | D49: A self-powered cryptosleep casket caught in the remains of their ship’s hull. The occupant can still be recovered from the module, but most of the material is worth less than scrap metal and offers little salvage. | E49: 함선 잔해에 매달려 있는 자가발전형 동면관입니다. 탑승자는 안전하게 꺼내질 수 있으며, 분해하면 약간의 재료를 얻을 수 있을지도 모릅니다. | G49: {=_xlfn.lambda(_xlpm.x,IFERROR(_xlpm.x,""))(VLOOKUP(A49,Merge!$A$122:$B$797,2,FALSE()))} -> #VALUE!
... A52: ThingDef+VFEP_Filth_Fuel.label | B52: ThingDef | C52: VFEP_Filth_Fuel.label | D52: chemfuel puddle | E52: 화학연료 웅덩이 | G52: {=_xlfn.lambda(_xlpm.x,IFERROR(_xlpm.x,""))(VLOOKUP(A52,Merge!$A$122:$B$797,2,FALSE()))} -> #VALUE!
A53: ThingDef+VFEP_Filth_Fuel.description | B53: ThingDef | C53: VFEP_Filth_Fuel.description | D53: A puddle of flammable chemfuel. | G53: {=_xlfn.lambda(_xlpm.x,IFERROR(_xlpm.x,""))(VLOOKUP(A53,Merge!$A$122:$B$797,2,FALSE()))} -> #VALUE!
A54: ThingDef+VFEP_ShipChunkFuelTank.label | B54: ThingDef | C54: VFEP_ShipChunkFuelTank.label | D54: ship chunk fuel tank | E54: 함선 잔해 (연료 탱크) | G54: {=_xlfn.lambda(_xlpm.x,IFERROR(_xlpm.x,""))(VLOOKUP(A54,Merge!$A$122:$B$797,2,FALSE()))} -> #VALUE!
A55: ThingDef+VFEP_ShipChunkFuelTank.description | B55: ThingDef | C55: VFEP_ShipChunkFuelTank.description | D55: A tank of Chemfuel, punctured by the hull of its ship’s hull. Some of the fluid can be recovered while the majority is filled with grime, leaking out and creating a fire hazard. A prime target for any pyromaniac wanting to watch the world burn. | E55: 함선 잔해에 의해 꿰뚫린 화학연료 탱크입니다. 내용물은 일부 회수할 수 있어 보이지만, 불순물이 혼합되어 대부분 쓸모가 없는 데다 끊임없이 새어 나오고 있습니다. 불이라도 붙는다면 엄청난 재앙이 일어날 것입니다. | G55: {=_xlfn.lambda(_xlpm.x,IFERROR(_xlpm.x,""))(VLOOKUP(A55,Merge!$A$122:$B$797,2,FALSE()))} -> #VALUE!
A56: ThingDef+VFEP_ShipChunkGauntletTurret.label | B56: ThingDef | C56: VFEP_ShipChunkGauntletTurret.label | D56: ship chunk gauntlet turret | E56: 함선 잔해 (건틀렛 포탑) | G56: {=_xlfn.lambda(_xlpm.x,IFERROR(_xlpm.x,""))(VLOOKUP(A56,Merge!$A$122:$B$797,2,FALSE()))} -> #VALUE!
A57: ThingDef+VFEP_ShipChunkGauntletTurret.description | B57: ThingDef | C57: VFEP_ShipChunkGauntletTurret.description | D57: The remains of the housing for the Gauntlet charge cannon. Powered externally, the ammunition storage is wrecked and cannot be replaced. Once the turret empties its magazine, it is still valuable salvage worth recovery. | E57: 함포와 함께 떨어져 나온 함선 잔해입니다. 전력만 공급해 준다면 여전히 활용할 수 있어 보이지만, 탄창이 손상되어 교체가 불가능합니다. 탄약을 모두 써버린 뒤에도 고급 자원으로써 회수할 가치가 있습니다. | G57: {=_xlfn.lambda(_xlpm.x,IFERROR(_xlpm.x,""))(VLOOKUP(A57,Merge!$A$122:$B$797,2,FALSE()))} -> #VALUE!
A58: ThingDef+VFEP_ShipChunkGauntletTurret.comps.1.fuelLabel | B58: ThingDef | C58: VFEP_ShipChunkGauntletTurret.comps.1.fuelLabel | D58: Shots until barrel change | E58: 남은 탄약 | G58: {=_xlfn.lambda(_xlpm.x,IFERROR(_xlpm.x,""))(VLOOKUP(A58,Merge!$A$122:$B$797,2,FALSE()))} -> #VALUE!
A59: ThingDef+VFEP_ShipChunkGauntletTurret.comps.1.fuelGizmoLabel | B59: ThingDef | C59: VFEP_ShipChunkGauntletTurret.comps.1.fuelGizmoLabel | D59: Barrel durability | E59: 펄스 충전 탄환 | G59: {=_xlfn.lambda(_xlpm.x,IFERROR(_xlpm.x,""))(VLOOKUP(A59,Merge!$A$122:$B$797,2,FALSE()))} -> #VALUE!
A60: ThingDef+VFEP_ShipChunkGauntletTurret.comps.1.outOfFuelMessage | B60: ThingDef | C60: VFEP_ShipChunkGauntletTurret.comps.1.outOfFuelMessage | D60: Cannot shoot: Needs new barrel | E60: 영구적인 고장 | G60: {=_xlfn.lambda(_xlpm.x,IFERROR(_xlpm.x,""))(VLOOKUP(A60,Merge!$A$122:$B$797,2,FALSE()))} -> #VALUE!
A61: ThingDef+VFEP_ShipChunkReactor.label | B61: ThingDef | C61: VFEP_ShipChunkReactor.label | D61: ship chunk reactor | E61: 함선 잔해 (반응로) | G61: {=_xlfn.lambda(_xlpm.x,IFERROR(_xlpm.x,""))(VLOOKUP(A61,Merge!$A$122:$B$797,2,FALSE()))} -> #VALUE!
A62: ThingDef+VFEP_ShipChunkReactor.description | B62: ThingDef | C62: VFEP_ShipChunkReactor.description | D62: The remains of a combat-grade spacecraft’s nuclear reactor, low-yield and designed to operate alongside energy storage. Surprisingly, the reactor is fully functional with no structural damage, so it can be safely used for ground operations. | E62: 함선 잔해와 통째로 뜯겨나온 전투함용 반응로입니다. 저출력형이라 축전지와 같이 사용하도록 설계되었습니다. 놀랍게도 핵심 구조에 손상을 받지 않아 완벽하게 기능하고 있기 때문에 안전하게 사용할 수 있습니다. | G62: {=_xlfn.lambda(_xlpm.x,IFERROR(_xlpm.x,""))(VLOOKUP(A62,Merge!$A$122:$B$797,2,FALSE()))} -> #VALUE!
A63: ThingDef+VFEP_ShipMedicalCrate.label | B63: ThingDef | C63: VFEP_ShipMedicalCrate.label | D63: ship medical crate | E63: 함선 잔해 (약품 팰럿) | G63: {=_xlfn.lambda(_xlpm.x,IFERROR(_xlpm.x,""))(VLOOKUP(A63,Merge!$A$122:$B$797,2,FALSE()))} -> #VALUE!
A64: ThingDef+VFEP_ShipMedicalCrate.description | B64: ThingDef | C64: VFEP_ShipMedicalCrate.description | D64: A now-unsealed crate containing first-aid supplies. The pallet can be dismantled for steel along with recovering the supplies. | E64: 봉인이 뜯긴 의약 보급품 팰럿입니다. 약간의 약품을 회수할 수 있어 보이며, 팰럿 자체도 뭔가의 재료로 쓸 수 있을 것입니다. | G64: {=_xlfn.lambda(_xlpm.x,IFERROR(_xlpm.x,""))(VLOOKUP(A64,Merge!$A$122:$B$797,2,FALSE()))} -> #VALUE!
A65: ThingDef+VFEP_ShipNutrientPasteCrate.label | B65: ThingDef | C65: VFEP_ShipNutrientPasteCrate.label | D65: ship nutrient paste crate | E65: 함선 잔해 (영양죽 팰럿) | G65: {=_xlfn.lambda(_xlpm.x,IFERROR(_xlpm.x,""))(VLOOKUP(A65,Merge!$A$122:$B$797,2,FALSE()))} -> #VALUE!
... A135: ThingDef+VFEP_WarcasketGun_UraniumSlugRifle.label | B135: ThingDef | C135: VFEP_WarcasketGun_UraniumSlugRifle.label | D135: warcasket uranium slug rifle | E135: 워캐스킷 저격포 | G135: {=_xlfn.lambda(_xlpm.x,IFERROR(_xlpm.x,""))(VLOOKUP(A135,Merge!$A$122:$B$797,2,FALSE()))} -> #VALUE!
A136: ThingDef+VFEP_WarcasketGun_UraniumSlugRifle.verbs.Verb_Shoot.label | B136: ThingDef | C136: VFEP_WarcasketGun_UraniumSlugRifle.verbs.Verb_Shoot.label | E136: 워캐스킷 저격포 | G136: {=_xlfn.lambda(_xlpm.x,IFERROR(_xlpm.x,""))(VLOOKUP(A136,Merge!$A$122:$B$797,2,FALSE()))} -> #VALUE!
A137: ThingDef+VFEP_WarcasketGun_UraniumSlugRifle.description | B137: ThingDef | C137: VFEP_WarcasketGun_UraniumSlugRifle.description | D137: A portable version of the uranium slug cannon designed for use by a warcasket. Due to a shortened barrel it has less penetration, worse recoil and damage compared to the turreted version. However, it lacks the minimum range requirement thanks to a human operator and has better mid-range performance. | E137: 워캐스킷 전용으로 설계된 저격포의 휴대형 버전입니다. 고정형에 비해 총열이 짧아 전반적인 성능이 감소했습니다. 그러나 최소 사정거리 제한이 없어졌으며, 적당한 거리에선 더 나은 명중률을 얻을 수 있습니다. | G137: {=_xlfn.lambda(_xlpm.x,IFERROR(_xlpm.x,""))(VLOOKUP(A137,Merge!$A$122:$B$797,2,FALSE()))} -> #VALUE!
A138: ThingDef+VFEP_WarcasketGun_UraniumSlugRifle.tools.0.label | B138: ThingDef | C138: VFEP_WarcasketGun_UraniumSlugRifle.tools.0.label | D138: stock | E138: 개머리판 | G138: {=_xlfn.lambda(_xlpm.x,IFERROR(_xlpm.x,""))(VLOOKUP(A138,Merge!$A$122:$B$797,2,FALSE()))} -> #VALUE!
A139: ThingDef+VFEP_WarcasketGun_UraniumSlugRifle.tools.1.label | B139: ThingDef | C139: VFEP_WarcasketGun_UraniumSlugRifle.tools.1.label | D139: barrel | E139: 총열 | G139: {=_xlfn.lambda(_xlpm.x,IFERROR(_xlpm.x,""))(VLOOKUP(A139,Merge!$A$122:$B$797,2,FALSE()))} -> #VALUE!
A140: ThingDef+VFEP_Bullet_WarcasketUraniumSlugRifle.label | B140: ThingDef | C140: VFEP_Bullet_WarcasketUraniumSlugRifle.label | D140: uranium slug | E140: 우라늄 탄 | G140: {=_xlfn.lambda(_xlpm.x,IFERROR(_xlpm.x,""))(VLOOKUP(A140,Merge!$A$122:$B$797,2,FALSE()))} -> #VALUE!
A141: ThingDef+VFEP_WarcasketGun_Slugthrower.label | B141: ThingDef | C141: VFEP_WarcasketGun_Slugthrower.label | D141: warcasket slugthrower | E141: 워캐스킷 산탄총 | G141: {=_xlfn.lambda(_xlpm.x,IFERROR(_xlpm.x,""))(VLOOKUP(A141,Merge!$A$122:$B$797,2,FALSE()))} -> #VALUE!
A142: ThingDef+VFEP_WarcasketGun_Slugthrower.verbs.Verb_Shoot.label | B142: ThingDef | C142: VFEP_WarcasketGun_Slugthrower.verbs.Verb_Shoot.label | E142: 워캐스킷 산탄총 | G142: {=_xlfn.lambda(_xlpm.x,IFERROR(_xlpm.x,""))(VLOOKUP(A142,Merge!$A$122:$B$797,2,FALSE()))} -> #VALUE!
A143: ThingDef+VFEP_WarcasketGun_Slugthrower.description | B143: ThingDef | C143: VFEP_WarcasketGun_Slugthrower.description | D143: An upscaled version of the pump shotgun designed for use by a warcasket. Each cartridge fired contains 4 pellets larger than slugs from a regular-sized shotgun, giving it better range, armor penetration and much better damage. The recoil is insane though, even for a warcasket’s recoil damping system. | E143: 워캐스킷 전용으로 설계된 산탄총의 확대판입니다. 이 산탄총에서 사용하는 카트리지는 일반 사이즈 산탄총의 카트리지보다 훨씬 거대한 새끼 카트리지를 네 개나 담고 있으며, 각각의 새끼 카트리지에는 묵직한 대형 탄자가 빼곡히 담겨있습니다. 덕분에 더 넓은 사거리와 파괴력을 지녔지만, 워캐스킷으로도 감당하기 벅찰 만큼 정신 나간 반동은 덤입니다. | G143: {=_xlfn.lambda(_xlpm.x,IFERROR(_xlpm.x,""))(VLOOKUP(A143,Merge!$A$122:$B$797,2,FALSE()))} -> #VALUE!
A144: ThingDef+VFEP_WarcasketGun_Slugthrower.tools.0.label | B144: ThingDef | C144: VFEP_WarcasketGun_Slugthrower.tools.0.label | D144: stock | E144: 개머리판 | G144: {=_xlfn.lambda(_xlpm.x,IFERROR(_xlpm.x,""))(VLOOKUP(A144,Merge!$A$122:$B$797,2,FALSE()))} -> #VALUE!
A145: ThingDef+VFEP_WarcasketGun_Slugthrower.tools.1.label | B145: ThingDef | C145: VFEP_WarcasketGun_Slugthrower.tools.1.label | D145: barrel | E145: 총열 | G145: {=_xlfn.lambda(_xlpm.x,IFERROR(_xlpm.x,""))(VLOOKUP(A145,Merge!$A$122:$B$797,2,FALSE()))} -> #VALUE!
A146: ThingDef+VFEP_Bullet_WarcasketSlugthrower.label | B146: ThingDef | C146: VFEP_Bullet_WarcasketSlugthrower.label | D146: warcasket slugthrower blast | E146: 워캐스킷 산탄총 탄자 | G146: {=_xlfn.lambda(_xlpm.x,IFERROR(_xlpm.x,""))(VLOOKUP(A146,Merge!$A$122:$B$797,2,FALSE()))} -> #VALUE!
A147: ThingDef+VFEP_WarcasketGun_Minigun.label | B147: ThingDef | C147: VFEP_WarcasketGun_Minigun.label | D147: warcasket minigun | E147: 워캐스킷 미니건 | G147: {=_xlfn.lambda(_xlpm.x,IFERROR(_xlpm.x,""))(VLOOKUP(A147,Merge!$A$122:$B$797,2,FALSE()))} -> #VALUE!
A148: ThingDef+VFEP_WarcasketGun_Minigun.verbs.Verb_Shoot.label | B148: ThingDef | C148: VFEP_WarcasketGun_Minigun.verbs.Verb_Shoot.label | E148: 워캐스킷 미니건 | G148: {=_xlfn.lambda(_xlpm.x,IFERROR(_xlpm.x,""))(VLOOKUP(A148,Merge!$A$122:$B$797,2,FALSE()))} -> #VALUE!
A149: ThingDef+VFEP_WarcasketGun_Minigun.description | B149: ThingDef | C149: VFEP_WarcasketGun_Minigun.description | D149: An upscaled version of the minigun designed for use by a warcasket. It uses larger caliber rounds which are poorly made en masse due to how many rounds need to be manufactured. Thus, it has a slower rate of fire and armor penetration, but who cares because no one wants to be on the receiving end of this amount of dakka. | E149: 워캐스킷 전용으로 설계된 미니건의 확대판입니다. 탄환 구경이 큰 데다 소모량도 엄청나기 때문에, 해당 탄약을 생산하는 공장은 품질은 조악해도 최대한 많은 양을 생산하는 데 주력하고 있습니다. 덕분에 발사 속도와 관통력이 줄어들었지만, 이만한 쇳덩이를 얻어맞는 와중에 그런 걸 생각이나 할 수 있을진 모르는 일입니다. | G149: {=_xlfn.lambda(_xlpm.x,IFERROR(_xlpm.x,""))(VLOOKUP(A149,Merge!$A$122:$B$797,2,FALSE()))} -> #VALUE!
A150: ThingDef+VFEP_WarcasketGun_Minigun.tools.0.label | B150: ThingDef | C150: VFEP_WarcasketGun_Minigun.tools.0.label | D150: stock | E150: 개머리판 | G150: {=_xlfn.lambda(_xlpm.x,IFERROR(_xlpm.x,""))(VLOOKUP(A150,Merge!$A$122:$B$797,2,FALSE()))} -> #VALUE!
A151: ThingDef+VFEP_WarcasketGun_Minigun.tools.1.label | B151: ThingDef | C151: VFEP_WarcasketGun_Minigun.tools.1.label | D151: barrel | E151: 총열 | G151: {=_xlfn.lambda(_xlpm.x,IFERROR(_xlpm.x,""))(VLOOKUP(A151,Merge!$A$122:$B$797,2,FALSE()))} -> #VALUE!
A152: ThingDef+VFEP_Bullet_WarcasketMinigun.label | B152: ThingDef | C152: VFEP_Bullet_WarcasketMinigun.label | D152: warcasket minigun bullet | E152: 워캐스킷 미니건 탄환 | G152: {=_xlfn.lambda(_xlpm.x,IFERROR(_xlpm.x,""))(VLOOKUP(A152,Merge!$A$122:$B$797,2,FALSE()))} -> #VALUE!
A153: ThingDef+VFEP_WarcasketGun_GrenadeLauncher.label | B153: ThingDef | C153: VFEP_WarcasketGun_GrenadeLauncher.label | D153: warcasket grenade launcher | E153: 워캐스킷 유탄 발사기 | G153: {=_xlfn.lambda(_xlpm.x,IFERROR(_xlpm.x,""))(VLOOKUP(A153,Merge!$A$122:$B$797,2,FALSE()))} -> #VALUE!
A154: ThingDef+VFEP_WarcasketGun_GrenadeLauncher.verbs.Verb_Shoot.label | B154: ThingDef | C154: VFEP_WarcasketGun_GrenadeLauncher.verbs.Verb_Shoot.label | E154: 워캐스킷 유탄 발사기 | G154: {=_xlfn.lambda(_xlpm.x,IFERROR(_xlpm.x,""))(VLOOKUP(A154,Merge!$A$122:$B$797,2,FALSE()))} -> #VALUE!
A155: ThingDef+VFEP_WarcasketGun_GrenadeLauncher.description | B155: ThingDef | C155: VFEP_WarcasketGun_GrenadeLauncher.description | D155: An upscaled version of the grenade launcher designed for use by a warcasket. A straight upgrade, it fires in bursts of 3 and benefits from recoil damping for faster recovery and better range. Like all launchers though, it has a worse miss radius compared to a hand-thrown grenade. | E155: 워캐스킷 전용으로 설계된 유탄 발사기의 확대판입니다. 빠른 반동 회복과 긴 사정거리를 위해 완충 설계에 집중하여 동시에 세 개의 유탄을 발사할 수 있습니다. 대신 각각의 정확성은 약간 떨어지는 편입니다. | G155: {=_xlfn.lambda(_xlpm.x,IFERROR(_xlpm.x,""))(VLOOKUP(A155,Merge!$A$122:$B$797,2,FALSE()))} -> #VALUE!
A156: ThingDef+VFEP_WarcasketGun_GrenadeLauncher.tools.0.label | B156: ThingDef | C156: VFEP_WarcasketGun_GrenadeLauncher.tools.0.label | D156: stock | E156: 개머리판 | G156: {=_xlfn.lambda(_xlpm.x,IFERROR(_xlpm.x,""))(VLOOKUP(A156,Merge!$A$122:$B$797,2,FALSE()))} -> #VALUE!
A157: ThingDef+VFEP_WarcasketGun_GrenadeLauncher.tools.1.label | B157: ThingDef | C157: VFEP_WarcasketGun_GrenadeLauncher.tools.1.label | D157: barrel | E157: 총열 | G157: {=_xlfn.lambda(_xlpm.x,IFERROR(_xlpm.x,""))(VLOOKUP(A157,Merge!$A$122:$B$797,2,FALSE()))} -> #VALUE!
A158: ThingDef+VFEP_WarcasketGun_HeavyFlamer.label | B158: ThingDef | C158: VFEP_WarcasketGun_HeavyFlamer.label | D158: warcasket heavy flamer | E158: 워캐스킷 대형 화염방사기 | G158: {=_xlfn.lambda(_xlpm.x,IFERROR(_xlpm.x,""))(VLOOKUP(A158,Merge!$A$122:$B$797,2,FALSE()))} -> #VALUE!
A159: ThingDef+VFEP_WarcasketGun_HeavyFlamer.verbs.Verb_Shoot.label | B159: ThingDef | C159: VFEP_WarcasketGun_HeavyFlamer.verbs.Verb_Shoot.label | E159: 워캐스킷 대형 화염방사기 | G159: {=_xlfn.lambda(_xlpm.x,IFERROR(_xlpm.x,""))(VLOOKUP(A159,Merge!$A$122:$B$797,2,FALSE()))} -> #VALUE!
A160: ThingDef+VFEP_WarcasketGun_HeavyFlamer.description | B160: ThingDef | C160: VFEP_WarcasketGun_HeavyFlamer.description | D160: An upscaled version of the heavy flamer designed for use by a warcasket. Thanks to the twin barrels and larger heat sink, it can spit out two jets of flames while also needing less time to prevent overheating. | E160: 워캐스킷 전용으로 설계된 대형 화염방사기의 확대판입니다. 이중 노즐과 거대한 방열판 덕분에, 두 줄기의 화염을 뿜어내면서도 냉각에 필요한 시간이 감소했습니다. | G160: {=_xlfn.lambda(_xlpm.x,IFERROR(_xlpm.x,""))(VLOOKUP(A160,Merge!$A$122:$B$797,2,FALSE()))} -> #VALUE!
A161: ThingDef+VFEP_WarcasketGun_HeavyFlamer.tools.0.label | B161: ThingDef | C161: VFEP_WarcasketGun_HeavyFlamer.tools.0.label | D161: stock | E161: 개머리판 | G161: {=_xlfn.lambda(_xlpm.x,IFERROR(_xlpm.x,""))(VLOOKUP(A161,Merge!$A$122:$B$797,2,FALSE()))} -> #VALUE!
A162: ThingDef+VFEP_WarcasketGun_HeavyFlamer.tools.1.label | B162: ThingDef | C162: VFEP_WarcasketGun_HeavyFlamer.tools.1.label | D162: barrel | E162: 총열 | G162: {=_xlfn.lambda(_xlpm.x,IFERROR(_xlpm.x,""))(VLOOKUP(A162,Merge!$A$122:$B$797,2,FALSE()))} -> #VALUE!
A163: ThingDef+VFEP_WarcasketGun_ChargeLance.label | B163: ThingDef | C163: VFEP_WarcasketGun_ChargeLance.label | D163: warcasket charge lance | E163: 워캐스킷 차지 랜스 | G163: {=_xlfn.lambda(_xlpm.x,IFERROR(_xlpm.x,""))(VLOOKUP(A163,Merge!$A$122:$B$797,2,FALSE()))} -> #VALUE!
A164: ThingDef+VFEP_WarcasketGun_ChargeLance.verbs.Verb_Shoot.label | B164: ThingDef | C164: VFEP_WarcasketGun_ChargeLance.verbs.Verb_Shoot.label | E164: 워캐스킷 차지 랜스 | G164: {=_xlfn.lambda(_xlpm.x,IFERROR(_xlpm.x,""))(VLOOKUP(A164,Merge!$A$122:$B$797,2,FALSE()))} -> #VALUE!
A165: ThingDef+VFEP_WarcasketGun_ChargeLance.description | B165: ThingDef | C165: VFEP_WarcasketGun_ChargeLance.description | D165: A terror on the battlefield, the charge lance received a massive upgrade for warcasket use. A considerably more powerful energy source gives it superior stopping power, able to fire multiple larger projectiles at a greater range with improved accuracy and penetration. | E165: 전장의 공포 그 자체라고 할 수 있는 차지 랜스를 워캐스킷에서도 활용하기 위해 방대한 개조가 이루어졌습니다. 강력한 동력원에서 흘러나오는 막대한 에너지를 통해 전반적인 성능이 크게 향상되었습니다. | G165: {=_xlfn.lambda(_xlpm.x,IFERROR(_xlpm.x,""))(VLOOKUP(A165,Merge!$A$122:$B$797,2,FALSE()))} -> #VALUE!
A166: ThingDef+VFEP_WarcasketGun_ChargeLance.tools.0.label | B166: ThingDef | C166: VFEP_WarcasketGun_ChargeLance.tools.0.label | D166: stock | E166: 개머리판 | G166: {=_xlfn.lambda(_xlpm.x,IFERROR(_xlpm.x,""))(VLOOKUP(A166,Merge!$A$122:$B$797,2,FALSE()))} -> #VALUE!
A167: ThingDef+VFEP_WarcasketGun_ChargeLance.tools.1.label | B167: ThingDef | C167: VFEP_WarcasketGun_ChargeLance.tools.1.label | D167: barrel | E167: 총열 | G167: {=_xlfn.lambda(_xlpm.x,IFERROR(_xlpm.x,""))(VLOOKUP(A167,Merge!$A$122:$B$797,2,FALSE()))} -> #VALUE!
A168: ThingDef+VFEP_Bullet_WarcasketChargeLance.label | B168: ThingDef | C168: VFEP_Bullet_WarcasketChargeLance.label | D168: warcasket charge lance shot | E168: 차지 랜스 투사체 | G168: {=_xlfn.lambda(_xlpm.x,IFERROR(_xlpm.x,""))(VLOOKUP(A168,Merge!$A$122:$B$797,2,FALSE()))} -> #VALUE!
A169: ThingDef+VFEP_WarcasketGun_HandheldCannon.label | B169: ThingDef | C169: VFEP_WarcasketGun_HandheldCannon.label | D169: warcasket handheld cannon | E169: 워캐스킷 도수형 대포 | G169: {=_xlfn.lambda(_xlpm.x,IFERROR(_xlpm.x,""))(VLOOKUP(A169,Merge!$A$122:$B$797,2,FALSE()))} -> #VALUE!
A170: ThingDef+VFEP_WarcasketGun_HandheldCannon.verbs.Verb_Shoot.label | B170: ThingDef | C170: VFEP_WarcasketGun_HandheldCannon.verbs.Verb_Shoot.label | E170: 워캐스킷 도수형 대포 | G170: {=_xlfn.lambda(_xlpm.x,IFERROR(_xlpm.x,""))(VLOOKUP(A170,Merge!$A$122:$B$797,2,FALSE()))} -> #VALUE!
A171: ThingDef+VFEP_WarcasketGun_HandheldCannon.description | B171: ThingDef | C171: VFEP_WarcasketGun_HandheldCannon.description | D171: Essentially a handheld smoothbore mortar that fires explosives in an arc, able to bypass enemy fortifications. Made by those who wanted to combine ancient naval warfare with modern technology. The accuracy is abysmal but the onboard fabricator ensures that artillery fire can be provided without ever needing a resupply. | E171: 폭발물을 고각으로 쏘아올려 성벽 너머에 있는 적을 공격하는 도수형 박격포라 할 수 있습니다. 고대 바닷사람들의 방식을 현대 기술로 구현하고자 했던 이들에 의해 탄생했습니다. 정확도는 엉망이지만, 내장된 제조 모듈이 전장의 쓰레기를 재활용하여 끊임없이 포탄을 만들어 내기 때문에 별도 보급이 필요하지 않을 정도입니다. | G171: {=_xlfn.lambda(_xlpm.x,IFERROR(_xlpm.x,""))(VLOOKUP(A171,Merge!$A$122:$B$797,2,FALSE()))} -> #VALUE!
A172: ThingDef+VFEP_WarcasketGun_HandheldCannon.tools.0.label | B172: ThingDef | C172: VFEP_WarcasketGun_HandheldCannon.tools.0.label | D172: stock | E172: 개머리판 | G172: {=_xlfn.lambda(_xlpm.x,IFERROR(_xlpm.x,""))(VLOOKUP(A172,Merge!$A$122:$B$797,2,FALSE()))} -> #VALUE!
A173: ThingDef+VFEP_WarcasketGun_HandheldCannon.tools.1.label | B173: ThingDef | C173: VFEP_WarcasketGun_HandheldCannon.tools.1.label | D173: barrel | E173: 총열 | G173: {=_xlfn.lambda(_xlpm.x,IFERROR(_xlpm.x,""))(VLOOKUP(A173,Merge!$A$122:$B$797,2,FALSE()))} -> #VALUE!
A174: ThingDef+VFEP_Bullet_HandheldCannonCannonball.label | B174: ThingDef | C174: VFEP_Bullet_HandheldCannonCannonball.label | D174: cannonball | E174: 포탄 | G174: {=_xlfn.lambda(_xlpm.x,IFERROR(_xlpm.x,""))(VLOOKUP(A174,Merge!$A$122:$B$797,2,FALSE()))} -> #VALUE!
A175: ThingDef+VFEP_WarcasketGun_ChargeBlaster.label | B175: ThingDef | C175: VFEP_WarcasketGun_ChargeBlaster.label | D175: warcasket charge blaster | E175: 워캐스킷 차지 미니건 | G175: {=_xlfn.lambda(_xlpm.x,IFERROR(_xlpm.x,""))(VLOOKUP(A175,Merge!$A$122:$B$797,2,FALSE()))} -> #VALUE!
A176: ThingDef+VFEP_WarcasketGun_ChargeBlaster.verbs.Verb_Shoot.label | B176: ThingDef | C176: VFEP_WarcasketGun_ChargeBlaster.verbs.Verb_Shoot.label | E176: 워캐스킷 차지 미니건 | G176: {=_xlfn.lambda(_xlpm.x,IFERROR(_xlpm.x,""))(VLOOKUP(A176,Merge!$A$122:$B$797,2,FALSE()))} -> #VALUE!
A177: ThingDef+VFEP_WarcasketGun_ChargeBlaster.description | B177: ThingDef | C177: VFEP_WarcasketGun_ChargeBlaster.description | D177: Essentially an upscaled charge minigun designed to be used by a warcasket. While firing fewer projectiles in each burst, the ammunition has been improved with explosive payloads. Designed as a support weapon that completely invalidates cover for the unlucky bastards on the receiving end. | E177: 워캐스킷 전용으로 설계된 차지 미니건입니다. 연사 지속력은 약간 줄었지만, 늘어난 펄스 장약으로 더욱 치명적인 탄환을 날려 보냅니다. 엄폐물조차 날려버리는 엄청난 화력을 보고 나면 적이 가엽게 느껴질 지경입니다. | G177: {=_xlfn.lambda(_xlpm.x,IFERROR(_xlpm.x,""))(VLOOKUP(A177,Merge!$A$122:$B$797,2,FALSE()))} -> #VALUE!
...

Sheet Merge
A1: AbilityDef | B1: =_xlfn.CONCAT($A1,REPLACE(B2,1,1,"+")) -> AbilityDef+odyDef+odyPartDef+ultureDef+amageDef+esignatorDropdownGroupDef+actionDef+ediffDef+istoryEventDef+nteractionDef+ssueDef+obDef+emeDef+VCF.ModDef+awnKindDef+awnsArrivalModeDef+receptDef+aidStrategyDef+ecipeDef+esearchProjectDef+esearchTabDef+itualBehaviorDef+itualOutcomeEffectDef+ulePackDef+cenarioDef+cenPartDef+tatDef+torytellerDef+hingDef+houghtDef+oolCapacityDef+raitDef+FECore.Abilities.AbilityDef+FECore.ExpandableProjectileDef+FECore.Misc.HireableFactionDef+FEPirates.CurseDef+FEPirates.WarcasketDef+orkGiverDef+orldObjectDef+eyed+ | C1: =_xlfn.CONCAT($A1,REPLACE(C2,1,1,"+")) -> AbilityDef+VFEP_FiringFrenzy.description | D1: =_xlfn.CONCAT($A1,REPLACE(D2,1,1,"+")) -> AbilityDef+VFEP_FiringFrenzy.label
B2: =_xlfn.CONCAT($A2,REPLACE(B3,1,1,"+")) -> +odyDef+odyPartDef+ultureDef+amageDef+esignatorDropdownGroupDef+actionDef+ediffDef+istoryEventDef+nteractionDef+ssueDef+obDef+emeDef+VCF.ModDef+awnKindDef+awnsArrivalModeDef+receptDef+aidStrategyDef+ecipeDef+esearchProjectDef+esearchTabDef+itualBehaviorDef+itualOutcomeEffectDef+ulePackDef+cenarioDef+cenPartDef+tatDef+torytellerDef+hingDef+houghtDef+oolCapacityDef+raitDef+FECore.Abilities.AbilityDef+FECore.ExpandableProjectileDef+FECore.Misc.HireableFactionDef+FEPirates.CurseDef+FEPirates.WarcasketDef+orkGiverDef+orldObjectDef+eyed+ | C2: /VFEP_FiringFrenzy.description | D2: /VFEP_FiringFrenzy.label
B3: =_xlfn.CONCAT($A3,REPLACE(B4,1,1,"+")) -> +odyDef+odyPartDef+ultureDef+amageDef+esignatorDropdownGroupDef+actionDef+ediffDef+istoryEventDef+nteractionDef+ssueDef+obDef+emeDef+VCF.ModDef+awnKindDef+awnsArrivalModeDef+receptDef+aidStrategyDef+ecipeDef+esearchProjectDef+esearchTabDef+itualBehaviorDef+itualOutcomeEffectDef+ulePackDef+cenarioDef+cenPartDef+tatDef+torytellerDef+hingDef+houghtDef+oolCapacityDef+raitDef+FECore.Abilities.AbilityDef+FECore.ExpandableProjectileDef+FECore.Misc.HireableFactionDef+FEPirates.CurseDef+FEPirates.WarcasketDef+orkGiverDef+orldObjectDef+eyed+ | C3: 근처에 있는 모든 사람들에게 연사력을 높이고 더 많은 고통을 견딜 수 있도록 영감을 줍니다. 이 효과는 24시간 동안 캐스킷사용자에 부착된 상태로 유지됩니다. | D3: 사격 열광자
A4: BodyDef | B4: =_xlfn.CONCAT($A4,REPLACE(B5,1,1,"+")) -> BodyDef+odyPartDef+ultureDef+amageDef+esignatorDropdownGroupDef+actionDef+ediffDef+istoryEventDef+nteractionDef+ssueDef+obDef+emeDef+VCF.ModDef+awnKindDef+awnsArrivalModeDef+receptDef+aidStrategyDef+ecipeDef+esearchProjectDef+esearchTabDef+itualBehaviorDef+itualOutcomeEffectDef+ulePackDef+cenarioDef+cenPartDef+tatDef+torytellerDef+hingDef+houghtDef+oolCapacityDef+raitDef+FECore.Abilities.AbilityDef+FECore.ExpandableProjectileDef+FECore.Misc.HireableFactionDef+FEPirates.CurseDef+FEPirates.WarcasketDef+orkGiverDef+orldObjectDef+eyed+ | C4: =_xlfn.CONCAT($A4,REPLACE(C5,1,1,"+")) -> BodyDef+VFEP_Spidermine.corePart.parts.0.parts.0.parts.1.customLabel | D4: =_xlfn.CONCAT($A4,REPLACE(D5,1,1,"+")) -> BodyDef+VFEP_Spidermine.corePart.parts.0.parts.0.parts.2.customLabel | E4: =_xlfn.CONCAT($A4,REPLACE(E5,1,1,"+")) -> BodyDef+VFEP_Spidermine.corePart.parts.0.parts.0.parts.3.customLabel | F4: =_xlfn.CONCAT($A4,REPLACE(F5,1,1,"+")) -> BodyDef+VFEP_Spidermine.corePart.parts.0.parts.0.parts.4.customLabel | G4: =_xlfn.CONCAT($A4,REPLACE(G5,1,1,"+")) -> BodyDef+VFEP_Spidermine.corePart.parts.1.customLabel | H4: =_xlfn.CONCAT($A4,REPLACE(H5,1,1,"+")) -> BodyDef+VFEP_Spidermine.corePart.parts.2.customLabel | I4: =_xlfn.CONCAT($A4,REPLACE(I5,1,1,"+")) -> BodyDef+VFEP_Spidermine.label | ... P4: =_xlfn.CONCAT($A4,REPLACE(P5,1,1,"+")) -> BodyDef+VFEP_Wardrone.label
B5: =_xlfn.CONCAT($A5,REPLACE(B6,1,1,"+")) -> +odyPartDef+ultureDef+amageDef+esignatorDropdownGroupDef+actionDef+ediffDef+istoryEventDef+nteractionDef+ssueDef+obDef+emeDef+VCF.ModDef+awnKindDef+awnsArrivalModeDef+receptDef+aidStrategyDef+ecipeDef+esearchProjectDef+esearchTabDef+itualBehaviorDef+itualOutcomeEffectDef+ulePackDef+cenarioDef+cenPartDef+tatDef+torytellerDef+hingDef+houghtDef+oolCapacityDef+raitDef+FECore.Abilities.AbilityDef+FECore.ExpandableProjectileDef+FECore.Misc.HireableFactionDef+FEPirates.CurseDef+FEPirates.WarcasketDef+orkGiverDef+orldObjectDef+eyed+ | C5: /VFEP_Spidermine.corePart.parts.0.parts.0.parts.1.customLabel | D5: /VFEP_Spidermine.corePart.parts.0.parts.0.parts.2.customLabel | E5: /VFEP_Spidermine.corePart.parts.0.parts.0.parts.3.customLabel | F5: /VFEP_Spidermine.corePart.parts.0.parts.0.parts.4.customLabel | G5: /VFEP_Spidermine.corePart.parts.1.customLabel | H5: /VFEP_Spidermine.corePart.parts.2.customLabel | I5: /VFEP_Spidermine.label | J5: /VFEP_Wardrone.corePart.parts.0.parts.0.parts.1.customLabel | K5: /VFEP_Wardrone.corePart.parts.0.parts.0.parts.2.customLabel | L5: /VFEP_Wardrone.corePart.parts.0.parts.0.parts.3.customLabel | M5: /VFEP_Wardrone.corePart.parts.0.parts.0.parts.4.customLabel | N5: /VFEP_Wardrone.corePart.parts.1.customLabel | O5: /VFEP_Wardrone.corePart.parts.2.customLabel | P5: /VFEP_Wardrone.label
B6: =_xlfn.CONCAT($A6,REPLACE(B7,1,1,"+")) -> +odyPartDef+ultureDef+amageDef+esignatorDropdownGroupDef+actionDef+ediffDef+istoryEventDef+nteractionDef+ssueDef+obDef+emeDef+VCF.ModDef+awnKindDef+awnsArrivalModeDef+receptDef+aidStrategyDef+ecipeDef+esearchProjectDef+esearchTabDef+itualBehaviorDef+itualOutcomeEffectDef+ulePackDef+cenarioDef+cenPartDef+tatDef+torytellerDef+hingDef+houghtDef+oolCapacityDef+raitDef+FECore.Abilities.AbilityDef+FECore.ExpandableProjectileDef+FECore.Misc.HireableFactionDef+FEPirates.CurseDef+FEPirates.WarcasketDef+orkGiverDef+orldObjectDef+eyed+ | C6: 왼쪽 시각 센서 | D6: 오른쪽 시각 센서 | E6: 왼쪽 청각 센서 | F6: 오른쪽 청각 센서 | G6: 왼쪽 프로펠러 | H6: 오른쪽 프로펠러 | I6: 거미지뢰 | J6: 왼쪽 시각 센서 | K6: 오른쪽 시각 센서 | L6: 왼쪽 청각 센서 | M6: 오른쪽 청각 센서 | N6: 왼쪽 프로펠러 | O6: 오른쪽 프로펠러 | P6: 전쟁드론
A7: BodyPartDef | B7: =_xlfn.CONCAT($A7,REPLACE(B8,1,1,"+")) -> BodyPartDef+ultureDef+amageDef+esignatorDropdownGroupDef+actionDef+ediffDef+istoryEventDef+nteractionDef+ssueDef+obDef+emeDef+VCF.ModDef+awnKindDef+awnsArrivalModeDef+receptDef+aidStrategyDef+ecipeDef+esearchProjectDef+esearchTabDef+itualBehaviorDef+itualOutcomeEffectDef+ulePackDef+cenarioDef+cenPartDef+tatDef+torytellerDef+hingDef+houghtDef+oolCapacityDef+raitDef+FECore.Abilities.AbilityDef+FECore.ExpandableProjectileDef+FECore.Misc.HireableFactionDef+FEPirates.CurseDef+FEPirates.WarcasketDef+orkGiverDef+orldObjectDef+eyed+ | C7: =_xlfn.CONCAT($A7,REPLACE(C8,1,1,"+")) -> BodyPartDef+VFEP_Base.label | D7: =_xlfn.CONCAT($A7,REPLACE(D8,1,1,"+")) -> BodyPartDef+VFEP_Frame.label | E7: =_xlfn.CONCAT($A7,REPLACE(E8,1,1,"+")) -> BodyPartDef+VFEP_MechanicalJoint.label | F7: =_xlfn.CONCAT($A7,REPLACE(F8,1,1,"+")) -> BodyPartDef+VFEP_MechanicalLeg.label | G7: =_xlfn.CONCAT($A7,REPLACE(G8,1,1,"+")) -> BodyPartDef+VFEP_Propeller.label | H7: =_xlfn.CONCAT($A7,REPLACE(H8,1,1,"+")) -> BodyPartDef+VFEP_Turret.label | I7: =_xlfn.CONCAT($A7,REPLACE(I8,1,1,"+")) -> BodyPartDef+VFEP_TurretBase.label
B8: =_xlfn.CONCAT($A8,REPLACE(B9,1,1,"+")) -> +ultureDef+amageDef+esignatorDropdownGroupDef+actionDef+ediffDef+istoryEventDef+nteractionDef+ssueDef+obDef+emeDef+VCF.ModDef+awnKindDef+awnsArrivalModeDef+receptDef+aidStrategyDef+ecipeDef+esearchProjectDef+esearchTabDef+itualBehaviorDef+itualOutcomeEffectDef+ulePackDef+cenarioDef+cenPartDef+tatDef+torytellerDef+hingDef+houghtDef+oolCapacityDef+raitDef+FECore.Abilities.AbilityDef+FECore.ExpandableProjectileDef+FECore.Misc.HireableFactionDef+FEPirates.CurseDef+FEPirates.WarcasketDef+orkGiverDef+orldObjectDef+eyed+ | C8: /VFEP_Base.label | D8: /VFEP_Frame.label | E8: /VFEP_MechanicalJoint.label | F8: /VFEP_MechanicalLeg.label | G8: /VFEP_Propeller.label | H8: /VFEP_Turret.label | I8: /VFEP_TurretBase.label
B9: =_xlfn.CONCAT($A9,REPLACE(B10,1,1,"+")) -> +ultureDef+amageDef+esignatorDropdownGroupDef+actionDef+ediffDef+istoryEventDef+nteractionDef+ssueDef+obDef+emeDef+VCF.ModDef+awnKindDef+awnsArrivalModeDef+receptDef+aidStrategyDef+ecipeDef+esearchProjectDef+esearchTabDef+itualBehaviorDef+itualOutcomeEffectDef+ulePackDef+cenarioDef+cenPartDef+tatDef+torytellerDef+hingDef+houghtDef+oolCapacityDef+raitDef+FECore.Abilities.AbilityDef+FECore.ExpandableProjectileDef+FECore.Misc.HireableFactionDef+FEPirates.CurseDef+FEPirates.WarcasketDef+orkGiverDef+orldObjectDef+eyed+ | C9: 토대 기반 | D9: 틀 | E9: 이음매 | F9: 기계 다리 | G9: 프로펠러 | H9: 포탑 | I9: 포탑 기반
A10: CultureDef | B10: =_xlfn.CONCAT($A10,REPLACE(B11,1,1,"+")) -> CultureDef+amageDef+esignatorDropdownGroupDef+actionDef+ediffDef+istoryEventDef+nteractionDef+ssueDef+obDef+emeDef+VCF.ModDef+awnKindDef+awnsArrivalModeDef+receptDef+aidStrategyDef+ecipeDef+esearchProjectDef+esearchTabDef+itualBehaviorDef+itualOutcomeEffectDef+ulePackDef+cenarioDef+cenPartDef+tatDef+torytellerDef+hingDef+houghtDef+oolCapacityDef+raitDef+FECore.Abilities.AbilityDef+FECore.ExpandableProjectileDef+FECore.Misc.HireableFactionDef+FEPirates.CurseDef+FEPirates.WarcasketDef+orkGiverDef+orldObjectDef+eyed+ | C10: =_xlfn.CONCAT($A10,REPLACE(C11,1,1,"+")) -> CultureDef+VFEP_Khanate.description | D10: =_xlfn.CONCAT($A10,REPLACE(D11,1,1,"+")) -> CultureDef+VFEP_Khanate.label
B11: =_xlfn.CONCAT($A11,REPLACE(B12,1,1,"+")) -> +amageDef+esignatorDropdownGroupDef+actionDef+ediffDef+istoryEventDef+nteractionDef+ssueDef+obDef+emeDef+VCF.ModDef+awnKindDef+awnsArrivalModeDef+receptDef+aidStrategyDef+ecipeDef+esearchProjectDef+esearchTabDef+itualBehaviorDef+itualOutcomeEffectDef+ulePackDef+cenarioDef+cenPartDef+tatDef+torytellerDef+hingDef+houghtDef+oolCapacityDef+raitDef+FECore.Abilities.AbilityDef+FECore.ExpandableProjectileDef+FECore.Misc.HireableFactionDef+FEPirates.CurseDef+FEPirates.WarcasketDef+orkGiverDef+orldObjectDef+eyed+ | C11: /VFEP_Khanate.description | D11: /VFEP_Khanate.label
B12: =_xlfn.CONCAT($A12,REPLACE(B13,1,1,"+")) -> +amageDef+esignatorDropdownGroupDef+actionDef+ediffDef+istoryEventDef+nteractionDef+ssueDef+obDef+emeDef+VCF.ModDef+awnKindDef+awnsArrivalModeDef+receptDef+aidStrategyDef+ecipeDef+esearchProjectDef+esearchTabDef+itualBehaviorDef+itualOutcomeEffectDef+ulePackDef+cenarioDef+cenPartDef+tatDef+torytellerDef+hingDef+houghtDef+oolCapacityDef+raitDef+FECore.Abilities.AbilityDef+FECore.ExpandableProjectileDef+FECore.Misc.HireableFactionDef+FEPirates.CurseDef+FEPirates.WarcasketDef+orkGiverDef+orldObjectDef+eyed+ | C12: 많은 해적 그룹의 스타일과 관행을 설명하는 광범위한 범주입니다. | D12: 칸의 영토
A13: DamageDef | B13: =_xlfn.CONCAT($A13,REPLACE(B14,1,1,"+")) -> DamageDef+esignatorDropdownGroupDef+actionDef+ediffDef+istoryEventDef+nteractionDef+ssueDef+obDef+emeDef+VCF.ModDef+awnKindDef+awnsArrivalModeDef+receptDef+aidStrategyDef+ecipeDef+esearchProjectDef+esearchTabDef+itualBehaviorDef+itualOutcomeEffectDef+ulePackDef+cenarioDef+cenPartDef+tatDef+torytellerDef+hingDef+houghtDef+oolCapacityDef+raitDef+FECore.Abilities.AbilityDef+FECore.ExpandableProjectileDef+FECore.Misc.HireableFactionDef+FEPirates.CurseDef+FEPirates.WarcasketDef+orkGiverDef+orldObjectDef+eyed+ | C13: =_xlfn.CONCAT($A13,REPLACE(C14,1,1,"+")) -> DamageDef+VFEP_GravityHammerAttack.deathMessage | D13: =_xlfn.CONCAT($A13,REPLACE(D14,1,1,"+")) -> DamageDef+VFEP_GravityHammerAttack.label
B14: =_xlfn.CONCAT($A14,REPLACE(B15,1,1,"+")) -> +esignatorDropdownGroupDef+actionDef+ediffDef+istoryEventDef+nteractionDef+ssueDef+obDef+emeDef+VCF.ModDef+awnKindDef+awnsArrivalModeDef+receptDef+aidStrategyDef+ecipeDef+esearchProjectDef+esearchTabDef+itualBehaviorDef+itualOutcomeEffectDef+ulePackDef+cenarioDef+cenPartDef+tatDef+torytellerDef+hingDef+houghtDef+oolCapacityDef+raitDef+FECore.Abilities.AbilityDef+FECore.ExpandableProjectileDef+FECore.Misc.HireableFactionDef+FEPirates.CurseDef+FEPirates.WarcasketDef+orkGiverDef+orldObjectDef+eyed+ | C14: /VFEP_GravityHammerAttack.deathMessage | D14: /VFEP_GravityHammerAttack.label
B15: =_xlfn.CONCAT($A15,REPLACE(B16,1,1,"+")) -> +esignatorDropdownGroupDef+actionDef+ediffDef+istoryEventDef+nteractionDef+ssueDef+obDef+emeDef+VCF.ModDef+awnKindDef+awnsArrivalModeDef+receptDef+aidStrategyDef+ecipeDef+esearchProjectDef+esearchTabDef+itualBehaviorDef+itualOutcomeEffectDef+ulePackDef+cenarioDef+cenPartDef+tatDef+torytellerDef+hingDef+houghtDef+oolCapacityDef+raitDef+FECore.Abilities.AbilityDef+FECore.ExpandableProjectileDef+FECore.Misc.HireableFactionDef+FEPirates.CurseDef+FEPirates.WarcasketDef+orkGiverDef+orldObjectDef+eyed+ | C15: {0} 명이 박살나 죽었습니다. | D15: 중력 망치 공격
A16: DesignatorDropdownGroupDef | B16: =_xlfn.CONCAT($A16,REPLACE(B17,1,1,"+")) -> DesignatorDropdownGroupDef+actionDef+ediffDef+istoryEventDef+nteractionDef+ssueDef+obDef+emeDef+VCF.ModDef+awnKindDef+awnsArrivalModeDef+receptDef+aidStrategyDef+ecipeDef+esearchProjectDef+esearchTabDef+itualBehaviorDef+itualOutcomeEffectDef+ulePackDef+cenarioDef+cenPartDef+tatDef+torytellerDef+hingDef+houghtDef+oolCapacityDef+raitDef+FECore.Abilities.AbilityDef+FECore.ExpandableProjectileDef+FECore.Misc.HireableFactionDef+FEPirates.CurseDef+FEPirates.WarcasketDef+orkGiverDef+orldObjectDef+eyed+ | C16: =_xlfn.CONCAT($A16,REPLACE(C17,1,1,"+")) -> DesignatorDropdownGroupDef+VFEP_WarcasketWeapon.label
B17: =_xlfn.CONCAT($A17,REPLACE(B18,1,1,"+")) -> +actionDef+ediffDef+istoryEventDef+nteractionDef+ssueDef+obDef+emeDef+VCF.ModDef+awnKindDef+awnsArrivalModeDef+receptDef+aidStrategyDef+ecipeDef+esearchProjectDef+esearchTabDef+itualBehaviorDef+itualOutcomeEffectDef+ulePackDef+cenarioDef+cenPartDef+tatDef+torytellerDef+hingDef+houghtDef+oolCapacityDef+raitDef+FECore.Abilities.AbilityDef+FECore.ExpandableProjectileDef+FECore.Misc.HireableFactionDef+FEPirates.CurseDef+FEPirates.WarcasketDef+orkGiverDef+orldObjectDef+eyed+ | C17: /VFEP_WarcasketWeapon.label
B18: =_xlfn.CONCAT($A18,REPLACE(B19,1,1,"+")) -> +actionDef+ediffDef+istoryEventDef+nteractionDef+ssueDef+obDef+emeDef+VCF.ModDef+awnKindDef+awnsArrivalModeDef+receptDef+aidStrategyDef+ecipeDef+esearchProjectDef+esearchTabDef+itualBehaviorDef+itualOutcomeEffectDef+ulePackDef+cenarioDef+cenPartDef+tatDef+torytellerDef+hingDef+houghtDef+oolCapacityDef+raitDef+FECore.Abilities.AbilityDef+FECore.ExpandableProjectileDef+FECore.Misc.HireableFactionDef+FEPirates.CurseDef+FEPirates.WarcasketDef+orkGiverDef+orldObjectDef+eyed+ | C18: 워캐스켓 무기들
A19: FactionDef | B19: =_xlfn.CONCAT($A19,REPLACE(B20,1,1,"+")) -> FactionDef+ediffDef+istoryEventDef+nteractionDef+ssueDef+obDef+emeDef+VCF.ModDef+awnKindDef+awnsArrivalModeDef+receptDef+aidStrategyDef+ecipeDef+esearchProjectDef+esearchTabDef+itualBehaviorDef+itualOutcomeEffectDef+ulePackDef+cenarioDef+cenPartDef+tatDef+torytellerDef+hingDef+houghtDef+oolCapacityDef+raitDef+FECore.Abilities.AbilityDef+FECore.ExpandableProjectileDef+FECore.Misc.HireableFactionDef+FEPirates.CurseDef+FEPirates.WarcasketDef+orkGiverDef+orldObjectDef+eyed+ | C19: =_xlfn.CONCAT($A19,REPLACE(C20,1,1,"+")) -> FactionDef+VFEP_Junkers.description | D19: =_xlfn.CONCAT($A19,REPLACE(D20,1,1,"+")) -> FactionDef+VFEP_Junkers.label | E19: =_xlfn.CONCAT($A19,REPLACE(E20,1,1,"+")) -> FactionDef+VFEP_Junkers.leaderTitle | F19: =_xlfn.CONCAT($A19,REPLACE(F20,1,1,"+")) -> FactionDef+VFEP_Junkers.pawnSingular | G19: =_xlfn.CONCAT($A19,REPLACE(G20,1,1,"+")) -> FactionDef+VFEP_Junkers.pawnsPlural | H19: =_xlfn.CONCAT($A19,REPLACE(H20,1,1,"+")) -> FactionDef+VFEP_Mercenaries.description | I19: =_xlfn.CONCAT($A19,REPLACE(I20,1,1,"+")) -> FactionDef+VFEP_Mercenaries.label | ... P19: =_xlfn.CONCAT($A19,REPLACE(P20,1,1,"+")) -> FactionDef+VFEP_PlayerPirate.pawnsPlural
B20: =_xlfn.CONCAT($A20,REPLACE(B21,1,1,"+")) -> +ediffDef+istoryEventDef+nteractionDef+ssueDef+obDef+emeDef+VCF.ModDef+awnKindDef+awnsArrivalModeDef+receptDef+aidStrategyDef+ecipeDef+esearchProjectDef+esearchTabDef+itualBehaviorDef+itualOutcomeEffectDef+ulePackDef+cenarioDef+cenPartDef+tatDef+torytellerDef+hingDef+houghtDef+oolCapacityDef+raitDef+FECore.Abilities.AbilityDef+FECore.ExpandableProjectileDef+FECore.Misc.HireableFactionDef+FEPirates.CurseDef+FEPirates.WarcasketDef+orkGiverDef+orldObjectDef+eyed+ | C20: /VFEP_Junkers.description | D20: /VFEP_Junkers.label | E20: /VFEP_Junkers.leaderTitle | F20: /VFEP_Junkers.pawnSingular | G20: /VFEP_Junkers.pawnsPlural | H20: /VFEP_Mercenaries.description | I20: /VFEP_Mercenaries.label | J20: /VFEP_Mercenaries.leaderTitle | K20: /VFEP_Mercenaries.pawnSingular | L20: /VFEP_Mercenaries.pawnsPlural | M20: /VFEP_PlayerPirate.description | N20: /VFEP_PlayerPirate.label | O20: /VFEP_PlayerPirate.pawnSingular | P20: /VFEP_PlayerPirate.pawnsPlural
B21: =_xlfn.CONCAT($A21,REPLACE(B22,1,1,"+")) -> +ediffDef+istoryEventDef+nteractionDef+ssueDef+obDef+emeDef+VCF.ModDef+awnKindDef+awnsArrivalModeDef+receptDef+aidStrategyDef+ecipeDef+esearchProjectDef+esearchTabDef+itualBehaviorDef+itualOutcomeEffectDef+ulePackDef+cenarioDef+cenPartDef+tatDef+torytellerDef+hingDef+houghtDef+oolCapacityDef+raitDef+FECore.Abilities.AbilityDef+FECore.ExpandableProjectileDef+FECore.Misc.HireableFactionDef+FEPirates.CurseDef+FEPirates.WarcasketDef+orkGiverDef+orldObjectDef+eyed+ | C21: 서로 싸우는 대신 외부인들과 싸우기로 합의한 느슨한 해적 갱단 연합입니다. 해적들은 씨를 뿌리지도, 짓지도 않고, 거래도 거의 하지 않습니다. 개인의 힘과 무자비함을 중요시하는 피와 명예문화에 의해, 그들은 더 생산적인 이웃을 습격하고 강탈함으로써 그들 자신을 풍요롭게 합니다. 정커들은 워캐스킷 기술을 이용하여 금속 무덤에 스스로를 봉인하고, 그곳에서 그들은 습격하고, 훔치고, 약탈하고, 필연적으로 죽게 됩니다. 그들은 근거리 무기를 거의 사용하지 않으며 강력한 무기를 충분히 사용하기 위해 적과 거리를 두는 것을 선호합니다. | D21: 정커스 | E21: 칸 | F21: 정커 | G21: 정커스 | H21: 정치인들과 거대 기업들에 의해 승인되고 통치되는 준군사 조직입니다. 용병들은 씨를 뿌리지도 않고, 짓지도 않고, 거래도 거의 하지 않습니다. 개인의 힘과 무지비함을 중요시하는 피와 명예 문화에 의해, 그들은 더 생산적인 이웃을 습격하고 강탈함으로써 그들 자신을 풍요롭게 합니다. 용병들은 그들의 기업 지배자들의 목표를 제거하기 위한 무기이자 방패들입니다. 다른 해적 파벌과는 달리 용병들은 의사소통이 가능하고 친구가 될 수 있지만, 그들은 무역과 연구와 관련하여 제공할 것이 거의 없습니다. | I21: 용병들 | J21: 장군 | K21: 용병 | L21: 용병들 | M21: 작은 해적 만입니다.. | N21: 새로운 만 | O21: 해적 | P21: 해적들
A22: HediffDef | B22: =_xlfn.CONCAT($A22,REPLACE(B23,1,1,"+")) -> HediffDef+istoryEventDef+nteractionDef+ssueDef+obDef+emeDef+VCF.ModDef+awnKindDef+awnsArrivalModeDef+receptDef+aidStrategyDef+ecipeDef+esearchProjectDef+esearchTabDef+itualBehaviorDef+itualOutcomeEffectDef+ulePackDef+cenarioDef+cenPartDef+tatDef+torytellerDef+hingDef+houghtDef+oolCapacityDef+raitDef+FECore.Abilities.AbilityDef+FECore.ExpandableProjectileDef+FECore.Misc.HireableFactionDef+FEPirates.CurseDef+FEPirates.WarcasketDef+orkGiverDef+orldObjectDef+eyed+ | C22: =_xlfn.CONCAT($A22,REPLACE(C23,1,1,"+")) -> HediffDef+VFEP_FiringFrenzy.description | D22: =_xlfn.CONCAT($A22,REPLACE(D23,1,1,"+")) -> HediffDef+VFEP_FiringFrenzy.label | E22: =_xlfn.CONCAT($A22,REPLACE(E23,1,1,"+")) -> HediffDef+VFEP_FiringFrenzyBuff.description | F22: =_xlfn.CONCAT($A22,REPLACE(F23,1,1,"+")) -> HediffDef+VFEP_FiringFrenzyBuff.label | G22: =_xlfn.CONCAT($A22,REPLACE(G23,1,1,"+")) -> HediffDef+VFEP_HypothermicSlowdown.description | H22: =_xlfn.CONCAT($A22,REPLACE(H23,1,1,"+")) -> HediffDef+VFEP_HypothermicSlowdown.label | I22: =_xlfn.CONCAT($A22,REPLACE(I23,1,1,"+")) -> HediffDef+VFEP_HypothermicSlowdown.stages.0.label | ... U22: =_xlfn.CONCAT($A22,REPLACE(U23,1,1,"+")) -> HediffDef+VFEP_SiegeMode.labelNoun
B23: =_xlfn.CONCAT($A23,REPLACE(B24,1,1,"+")) -> +istoryEventDef+nteractionDef+ssueDef+obDef+emeDef+VCF.ModDef+awnKindDef+awnsArrivalModeDef+receptDef+aidStrategyDef+ecipeDef+esearchProjectDef+esearchTabDef+itualBehaviorDef+itualOutcomeEffectDef+ulePackDef+cenarioDef+cenPartDef+tatDef+torytellerDef+hingDef+houghtDef+oolCapacityDef+raitDef+FECore.Abilities.AbilityDef+FECore.ExpandableProjectileDef+FECore.Misc.HireableFactionDef+FEPirates.CurseDef+FEPirates.WarcasketDef+orkGiverDef+orldObjectDef+eyed+ | C23: /VFEP_FiringFrenzy.description | D23: /VFEP_FiringFrenzy.label | E23: /VFEP_FiringFrenzyBuff.description | F23: /VFEP_FiringFrenzyBuff.label | G23: /VFEP_HypothermicSlowdown.description | H23: /VFEP_HypothermicSlowdown.label | I23: /VFEP_HypothermicSlowdown.stages.0.label | J23: /VFEP_HypothermicSlowdown.stages.1.label | K23: /VFEP_HypothermicSlowdown.stages.2.label | L23: /VFEP_HypothermicSlowdown.stages.3.label | M23: /VFEP_HypothermicSlowdown.stages.4.label | N23: /VFEP_KillItself.description | O23: /VFEP_KillItself.label | P23: /VFEP_KillItself.stages.0.label | Q23: /VFEP_RumAsIngredient.description | R23: /VFEP_RumAsIngredient.label | S23: /VFEP_SiegeMode.description | T23: /VFEP_SiegeMode.label | U23: /VFEP_SiegeMode.labelNoun
B24: =_xlfn.CONCAT($A24,REPLACE(B25,1,1,"+")) -> +istoryEventDef+nteractionDef+ssueDef+obDef+emeDef+VCF.ModDef+awnKindDef+awnsArrivalModeDef+receptDef+aidStrategyDef+ecipeDef+esearchProjectDef+esearchTabDef+itualBehaviorDef+itualOutcomeEffectDef+ulePackDef+cenarioDef+cenPartDef+tatDef+torytellerDef+hingDef+houghtDef+oolCapacityDef+raitDef+FECore.Abilities.AbilityDef+FECore.ExpandableProjectileDef+FECore.Misc.HireableFactionDef+FEPirates.CurseDef+FEPirates.WarcasketDef+orkGiverDef+orldObjectDef+eyed+ | C24: 이 사람은 주변의 모든 사람들에게 영감을 주기 위해 특별한 능력을 사용하고 있습니다. 효과 반경 내의 모든 사람은 사격 조준 시간을 50% 단축하고 고통 쇼크 임계값을 50% 증가시킵니다. | D24: 사격 열광자 | E24: 누군가가 근처에서 사격 열광자의 능력을 사용하여 이 사람이 더 빨리 사격하고 더 많은 육체적 고통을 견뎌내도록 영감을 주고 있습니다. | F24: 사격 열광자 | G24: 위험할 정도로 낮은 코어 체온. 다시 따뜻하게 하지 않으면, 저체온 속도 저하는 더 심해지고 사망으로 끝납니다. 환자가 다시 따뜻해지면 빠르게 회복됩니다. | H24: 저체온 속도 저하 | I24: 미미한 | J24: 미미한 | K24: 가벼움 | L24: 심각함 | M24: 극심함 | N24: . | O24: 스스로 목숨을 끊다. | P24: 미미한 | Q24: 이 정착민은 럼주를 재료로 한 칵테일을 마셨습니다. 공복률 15% 감소. | R24: 럼주를 베이스로 한 칵테일 | S24: 공성 모드 | T24: 공성 모드 | U24: 공성 모드
A25: HistoryEventDef | B25: =_xlfn.CONCAT($A25,REPLACE(B26,1,1,"+")) -> HistoryEventDef+nteractionDef+ssueDef+obDef+emeDef+VCF.ModDef+awnKindDef+awnsArrivalModeDef+receptDef+aidStrategyDef+ecipeDef+esearchProjectDef+esearchTabDef+itualBehaviorDef+itualOutcomeEffectDef+ulePackDef+cenarioDef+cenPartDef+tatDef+torytellerDef+hingDef+houghtDef+oolCapacityDef+raitDef+FECore.Abilities.AbilityDef+FECore.ExpandableProjectileDef+FECore.Misc.HireableFactionDef+FEPirates.CurseDef+FEPirates.WarcasketDef+orkGiverDef+orldObjectDef+eyed+ | C25: =_xlfn.CONCAT($A25,REPLACE(C26,1,1,"+")) -> HistoryEventDef+VFEP_CrewmanDied.label
B26: =_xlfn.CONCAT($A26,REPLACE(B27,1,1,"+")) -> +nteractionDef+ssueDef+obDef+emeDef+VCF.ModDef+awnKindDef+awnsArrivalModeDef+receptDef+aidStrategyDef+ecipeDef+esearchProjectDef+esearchTabDef+itualBehaviorDef+itualOutcomeEffectDef+ulePackDef+cenarioDef+cenPartDef+tatDef+torytellerDef+hingDef+houghtDef+oolCapacityDef+raitDef+FECore.Abilities.AbilityDef+FECore.ExpandableProjectileDef+FECore.Misc.HireableFactionDef+FEPirates.CurseDef+FEPirates.WarcasketDef+orkGiverDef+orldObjectDef+eyed+ | C26: /VFEP_CrewmanDied.label
B27: =_xlfn.CONCAT($A27,REPLACE(B28,1,1,"+")) -> +nteractionDef+ssueDef+obDef+emeDef+VCF.ModDef+awnKindDef+awnsArrivalModeDef+receptDef+aidStrategyDef+ecipeDef+esearchProjectDef+esearchTabDef+itualBehaviorDef+itualOutcomeEffectDef+ulePackDef+cenarioDef+cenPartDef+tatDef+torytellerDef+hingDef+houghtDef+oolCapacityDef+raitDef+FECore.Abilities.AbilityDef+FECore.ExpandableProjectileDef+FECore.Misc.HireableFactionDef+FEPirates.CurseDef+FEPirates.WarcasketDef+orkGiverDef+orldObjectDef+eyed+ | C27: 승무원 사망
A28: InteractionDef | B28: =_xlfn.CONCAT($A28,REPLACE(B29,1,1,"+")) -> InteractionDef+ssueDef+obDef+emeDef+VCF.ModDef+awnKindDef+awnsArrivalModeDef+receptDef+aidStrategyDef+ecipeDef+esearchProjectDef+esearchTabDef+itualBehaviorDef+itualOutcomeEffectDef+ulePackDef+cenarioDef+cenPartDef+tatDef+torytellerDef+hingDef+houghtDef+oolCapacityDef+raitDef+FECore.Abilities.AbilityDef+FECore.ExpandableProjectileDef+FECore.Misc.HireableFactionDef+FEPirates.CurseDef+FEPirates.WarcasketDef+orkGiverDef+orldObjectDef+eyed+ | C28: =_xlfn.CONCAT($A28,REPLACE(C29,1,1,"+")) -> InteractionDef+VFEP_Speech_Shanties.label | D28: =_xlfn.CONCAT($A28,REPLACE(D29,1,1,"+")) -> InteractionDef+VFEP_Speech_Shanties.logRulesInitiator.rulesStrings.0 | E28: =_xlfn.CONCAT($A28,REPLACE(E29,1,1,"+")) -> InteractionDef+VFEP_Speech_Shanties.logRulesInitiator.rulesStrings.1 | F28: =_xlfn.CONCAT($A28,REPLACE(F29,1,1,"+")) -> InteractionDef+VFEP_Speech_Shanties.logRulesInitiator.rulesStrings.10 | G28: =_xlfn.CONCAT($A28,REPLACE(G29,1,1,"+")) -> InteractionDef+VFEP_Speech_Shanties.logRulesInitiator.rulesStrings.11 | H28: =_xlfn.CONCAT($A28,REPLACE(H29,1,1,"+")) -> InteractionDef+VFEP_Speech_Shanties.logRulesInitiator.rulesStrings.12 | I28: =_xlfn.CONCAT($A28,REPLACE(I29,1,1,"+")) -> InteractionDef+VFEP_Speech_Shanties.logRulesInitiator.rulesStrings.13 | ... AE28: =_xlfn.CONCAT($A28,REPLACE(AE29,1,1,"+")) -> InteractionDef+VFEP_Speech_Shanties.logRulesInitiator.rulesStrings.9
B29: =_xlfn.CONCAT($A29,REPLACE(B30,1,1,"+")) -> +ssueDef+obDef+emeDef+VCF.ModDef+awnKindDef+awnsArrivalModeDef+receptDef+aidStrategyDef+ecipeDef+esearchProjectDef+esearchTabDef+itualBehaviorDef+itualOutcomeEffectDef+ulePackDef+cenarioDef+cenPartDef+tatDef+torytellerDef+hingDef+houghtDef+oolCapacityDef+raitDef+FECore.Abilities.AbilityDef+FECore.ExpandableProjectileDef+FECore.Misc.HireableFactionDef+FEPirates.CurseDef+FEPirates.WarcasketDef+orkGiverDef+orldObjectDef+eyed+ | C29: /VFEP_Speech_Shanties.label | D29: /VFEP_Speech_Shanties.logRulesInitiator.rulesStrings.0 | E29: /VFEP_Speech_Shanties.logRulesInitiator.rulesStrings.1 | F29: /VFEP_Speech_Shanties.logRulesInitiator.rulesStrings.10 | G29: /VFEP_Speech_Shanties.logRulesInitiator.rulesStrings.11 | H29: /VFEP_Speech_Shanties.logRulesInitiator.rulesStrings.12 | I29: /VFEP_Speech_Shanties.logRulesInitiator.rulesStrings.13 | J29: /VFEP_Speech_Shanties.logRulesInitiator.rulesStrings.14 | K29: /VFEP_Speech_Shanties.logRulesInitiator.rulesStrings.15 | L29: /VFEP_Speech_Shanties.logRulesInitiator.rulesStrings.16 | M29: /VFEP_Speech_Shanties.logRulesInitiator.rulesStrings.17 | N29: /VFEP_Speech_Shanties.logRulesInitiator.rulesStrings.18 | O29: /VFEP_Speech_Shanties.logRulesInitiator.rulesStrings.19 | P29: /VFEP_Speech_Shanties.logRulesInitiator.rulesStrings.2 | Q29: /VFEP_Speech_Shanties.logRulesInitiator.rulesStrings.20 | R29: /VFEP_Speech_Shanties.logRulesInitiator.rulesStrings.21 | S29: /VFEP_Speech_Shanties.logRulesInitiator.rulesStrings.22 | T29: /VFEP_Speech_Shanties.logRulesInitiator.rulesStrings.23 | U29: /VFEP_Speech_Shanties.logRulesInitiator.rulesStrings.24 | V29: /VFEP_Speech_Shanties.logRulesInitiator.rulesStrings.25 | W29: /VFEP_Speech_Shanties.logRulesInitiator.rulesStrings.26 | X29: /VFEP_Speech_Shanties.logRulesInitiator.rulesStrings.27 | Y29: /VFEP_Speech_Shanties.logRulesInitiator.rulesStrings.3 | Z29: /VFEP_Speech_Shanties.logRulesInitiator.rulesStrings.4 | AA29: /VFEP_Speech_Shanties.logRulesInitiator.rulesStrings.5 | AB29: /VFEP_Speech_Shanties.logRulesInitiator.rulesStrings.6 | AC29: /VFEP_Speech_Shanties.logRulesInitiator.rulesStrings.7 | AD29: /VFEP_Speech_Shanties.logRulesInitiator.rulesStrings.8 | AE29: /VFEP_Speech_Shanties.logRulesInitiator.rulesStrings.9
B30: =_xlfn.CONCAT($A30,REPLACE(B31,1,1,"+")) -> +ssueDef+obDef+emeDef+VCF.ModDef+awnKindDef+awnsArrivalModeDef+receptDef+aidStrategyDef+ecipeDef+esearchProjectDef+esearchTabDef+itualBehaviorDef+itualOutcomeEffectDef+ulePackDef+cenarioDef+cenPartDef+tatDef+torytellerDef+hingDef+houghtDef+oolCapacityDef+raitDef+FECore.Abilities.AbilityDef+FECore.ExpandableProjectileDef+FECore.Misc.HireableFactionDef+FEPirates.CurseDef+FEPirates.WarcasketDef+orkGiverDef+orldObjectDef+eyed+ | C30: 뱃노래 부르기 | D30: r_logentry->[INITIATOR_nameDef] [spokeof] [speechtopic]. | E30: speechtopic->괴혈병을 피하기 위해 [Vegetable]를 찾는 중 | F30: speechtopic->함께 힘을 합쳐[Enemy]를 물리치기 | G30: speechtopic->전투중 [Gore] 즐기기 | H30: speechtopic->동지애의 의미 | I30: speechtopic->승무원들의 동지애 | J30: speechtopic->[AdjectiveBadass]이 되지 않고 [AdjectiveBadass]이 되는 방법 | K30: speechtopic->승무원이 얼마나 [AdjectiveBadass] 나쁜지 | L30: speechtopic->[AdjectiveNatural] [TerrainFeature] | M30: speechtopic->승무원의 [AdjectiveLarge] 잠재력 | N30: speechtopic->모든 승무원의 [PersonalCharacteristic] | O30: speechtopic->승무원의 적의 끔찍한[PersonalCharacteristic] | P30: speechtopic->적을 약탈하면서 [AdjectiveFriendly]이 되는 방법 | Q30: speechtopic(p=0.25)->그룹으로 함께 뭉치기 | R30: speechtopic(p=0.25)->비극을 헤치고 앞으로 나아가는 길, 승무원으로서 함께 뭉치기 | S30: speechtopic(p=0.25)->승무원과 그 중요성 | T30: speechtopic(p=0.25)->최강자의 생존 | U30: speechtopic(p=0.25)->공동의 고난을 통한 승리 | V30: speechtopic(p=0.25)->적의 죽음을 동기 부여로 삼기 | W30: speechtopic(p=0.25)->강한 손과 마음, 함께 일하는 것 | X30: speechtopic(p=0.25)->약자들을 이기고 생존할 권리 | Y30: speechtopic->[AnimalBadass]을 단백질 공급원으로 사용 | Z30: speechtopic->[Game]이 승무원으로 활동하도록 훈련하는 방법 | AA30: speechtopic->습격에서 [Weapon] 사용 | AB30: speechtopic->[TerrainFeature]과 [TerrainFeature]을 통한 약탈 | AC30: speechtopic->승무원 모두가[PersonFamily]와 [PersonFamily]인 방법 | AD30: speechtopic->승무원에게 [PersonJob]의 필요성 | AE30: speechtopic->[PersonBadass]와의 대결
A31: IssueDef | B31: =_xlfn.CONCAT($A31,REPLACE(B32,1,1,"+")) -> IssueDef+obDef+emeDef+VCF.ModDef+awnKindDef+awnsArrivalModeDef+receptDef+aidStrategyDef+ecipeDef+esearchProjectDef+esearchTabDef+itualBehaviorDef+itualOutcomeEffectDef+ulePackDef+cenarioDef+cenPartDef+tatDef+torytellerDef+hingDef+houghtDef+oolCapacityDef+raitDef+FECore.Abilities.AbilityDef+FECore.ExpandableProjectileDef+FECore.Misc.HireableFactionDef+FEPirates.CurseDef+FEPirates.WarcasketDef+orkGiverDef+orldObjectDef+eyed+ | C31: =_xlfn.CONCAT($A31,REPLACE(C32,1,1,"+")) -> IssueDef+VFEP_Camaraderie.label
B32: =_xlfn.CONCAT($A32,REPLACE(B33,1,1,"+")) -> +obDef+emeDef+VCF.ModDef+awnKindDef+awnsArrivalModeDef+receptDef+aidStrategyDef+ecipeDef+esearchProjectDef+esearchTabDef+itualBehaviorDef+itualOutcomeEffectDef+ulePackDef+cenarioDef+cenPartDef+tatDef+torytellerDef+hingDef+houghtDef+oolCapacityDef+raitDef+FECore.Abilities.AbilityDef+FECore.ExpandableProjectileDef+FECore.Misc.HireableFactionDef+FEPirates.CurseDef+FEPirates.WarcasketDef+orkGiverDef+orldObjectDef+eyed+ | C32: /VFEP_Camaraderie.label
B33: =_xlfn.CONCAT($A33,REPLACE(B34,1,1,"+")) -> +obDef+emeDef+VCF.ModDef+awnKindDef+awnsArrivalModeDef+receptDef+aidStrategyDef+ecipeDef+esearchProjectDef+esearchTabDef+itualBehaviorDef+itualOutcomeEffectDef+ulePackDef+cenarioDef+cenPartDef+tatDef+torytellerDef+hingDef+houghtDef+oolCapacityDef+raitDef+FECore.Abilities.AbilityDef+FECore.ExpandableProjectileDef+FECore.Misc.HireableFactionDef+FEPirates.CurseDef+FEPirates.WarcasketDef+orkGiverDef+orldObjectDef+eyed+ | C33: 동지애
A34: JobDef | B34: =_xlfn.CONCAT($A34,REPLACE(B35,1,1,"+")) -> JobDef+emeDef+VCF.ModDef+awnKindDef+awnsArrivalModeDef+receptDef+aidStrategyDef+ecipeDef+esearchProjectDef+esearchTabDef+itualBehaviorDef+itualOutcomeEffectDef+ulePackDef+cenarioDef+cenPartDef+tatDef+torytellerDef+hingDef+houghtDef+oolCapacityDef+raitDef+FECore.Abilities.AbilityDef+FECore.ExpandableProjectileDef+FECore.Misc.HireableFactionDef+FEPirates.CurseDef+FEPirates.WarcasketDef+orkGiverDef+orldObjectDef+eyed+ | C34: =_xlfn.CONCAT($A34,REPLACE(C35,1,1,"+")) -> JobDef+VFEP_DoWelding.reportString | D34: =_xlfn.CONCAT($A34,REPLACE(D35,1,1,"+")) -> JobDef+VFEP_EntombIn.reportString | E34: =_xlfn.CONCAT($A34,REPLACE(E35,1,1,"+")) -> JobDef+VFEP_EquipFromWeaponBox.reportString | F34: =_xlfn.CONCAT($A34,REPLACE(F35,1,1,"+")) -> JobDef+VFEP_GotoAndExplode.reportString
B35: =_xlfn.CONCAT($A35,REPLACE(B36,1,1,"+")) -> +emeDef+VCF.ModDef+awnKindDef+awnsArrivalModeDef+receptDef+aidStrategyDef+ecipeDef+esearchProjectDef+esearchTabDef+itualBehaviorDef+itualOutcomeEffectDef+ulePackDef+cenarioDef+cenPartDef+tatDef+torytellerDef+hingDef+houghtDef+oolCapacityDef+raitDef+FECore.Abilities.AbilityDef+FECore.ExpandableProjectileDef+FECore.Misc.HireableFactionDef+FEPirates.CurseDef+FEPirates.WarcasketDef+orkGiverDef+orldObjectDef+eyed+ | C35: /VFEP_DoWelding.reportString | D35: /VFEP_EntombIn.reportString | E35: /VFEP_EquipFromWeaponBox.reportString | F35: /VFEP_GotoAndExplode.reportString
B36: =_xlfn.CONCAT($A36,REPLACE(B37,1,1,"+")) -> +emeDef+VCF.ModDef+awnKindDef+awnsArrivalModeDef+receptDef+aidStrategyDef+ecipeDef+esearchProjectDef+esearchTabDef+itualBehaviorDef+itualOutcomeEffectDef+ulePackDef+cenarioDef+cenPartDef+tatDef+torytellerDef+hingDef+houghtDef+oolCapacityDef+raitDef+FECore.Abilities.AbilityDef+FECore.ExpandableProjectileDef+FECore.Misc.HireableFactionDef+FEPirates.CurseDef+FEPirates.WarcasketDef+orkGiverDef+orldObjectDef+eyed+ | C36: TargetA에서 TargetB 용접하기. | D36: TargetA에 매장하기. | E36: TargetA 장착하기. | F36: 이동중.
A37: MemeDef | B37: =_xlfn.CONCAT($A37,REPLACE(B38,1,1,"+")) -> MemeDef+VCF.ModDef+awnKindDef+awnsArrivalModeDef+receptDef+aidStrategyDef+ecipeDef+esearchProjectDef+esearchTabDef+itualBehaviorDef+itualOutcomeEffectDef+ulePackDef+cenarioDef+cenPartDef+tatDef+torytellerDef+hingDef+houghtDef+oolCapacityDef+raitDef+FECore.Abilities.AbilityDef+FECore.ExpandableProjectileDef+FECore.Misc.HireableFactionDef+FEPirates.CurseDef+FEPirates.WarcasketDef+orkGiverDef+orldObjectDef+eyed+ | C37: =_xlfn.CONCAT($A37,REPLACE(C38,1,1,"+")) -> MemeDef+VFEP_PirateMeme.description | D37: =_xlfn.CONCAT($A37,REPLACE(D38,1,1,"+")) -> MemeDef+VFEP_PirateMeme.descriptionMaker.rules.rulesStrings.0 | E37: =_xlfn.CONCAT($A37,REPLACE(E38,1,1,"+")) -> MemeDef+VFEP_PirateMeme.descriptionMaker.rules.rulesStrings.1 | F37: =_xlfn.CONCAT($A37,REPLACE(F38,1,1,"+")) -> MemeDef+VFEP_PirateMeme.descriptionMaker.rules.rulesStrings.10 | G37: =_xlfn.CONCAT($A37,REPLACE(G38,1,1,"+")) -> MemeDef+VFEP_PirateMeme.descriptionMaker.rules.rulesStrings.11 | H37: =_xlfn.CONCAT($A37,REPLACE(H38,1,1,"+")) -> MemeDef+VFEP_PirateMeme.descriptionMaker.rules.rulesStrings.12 | I37: =_xlfn.CONCAT($A37,REPLACE(I38,1,1,"+")) -> MemeDef+VFEP_PirateMeme.descriptionMaker.rules.rulesStrings.13 | ... AT37: =_xlfn.CONCAT($A37,REPLACE(AT38,1,1,"+")) -> MemeDef+VFEP_PirateMeme.symbolPacks.0.adjective
B38: =_xlfn.CONCAT($A38,REPLACE(B39,1,1,"+")) -> +VCF.ModDef+awnKindDef+awnsArrivalModeDef+receptDef+aidStrategyDef+ecipeDef+esearchProjectDef+esearchTabDef+itualBehaviorDef+itualOutcomeEffectDef+ulePackDef+cenarioDef+cenPartDef+tatDef+torytellerDef+hingDef+houghtDef+oolCapacityDef+raitDef+FECore.Abilities.AbilityDef+FECore.ExpandableProjectileDef+FECore.Misc.HireableFactionDef+FEPirates.CurseDef+FEPirates.WarcasketDef+orkGiverDef+orldObjectDef+eyed+ | C38: /VFEP_PirateMeme.description | D38: /VFEP_PirateMeme.descriptionMaker.rules.rulesStrings.0 | E38: /VFEP_PirateMeme.descriptionMaker.rules.rulesStrings.1 | F38: /VFEP_PirateMeme.descriptionMaker.rules.rulesStrings.10 | G38: /VFEP_PirateMeme.descriptionMaker.rules.rulesStrings.11 | H38: /VFEP_PirateMeme.descriptionMaker.rules.rulesStrings.12 | I38: /VFEP_PirateMeme.descriptionMaker.rules.rulesStrings.13 | J38: /VFEP_PirateMeme.descriptionMaker.rules.rulesStrings.14 | K38: /VFEP_PirateMeme.descriptionMaker.rules.rulesStrings.15 | L38: /VFEP_PirateMeme.descriptionMaker.rules.rulesStrings.16 | M38: /VFEP_PirateMeme.descriptionMaker.rules.rulesStrings.17 | N38: /VFEP_PirateMeme.descriptionMaker.rules.rulesStrings.18 | O38: /VFEP_PirateMeme.descriptionMaker.rules.rulesStrings.19 | P38: /VFEP_PirateMeme.descriptionMaker.rules.rulesStrings.2 | Q38: /VFEP_PirateMeme.descriptionMaker.rules.rulesStrings.20 | R38: /VFEP_PirateMeme.descriptionMaker.rules.rulesStrings.21 | S38: /VFEP_PirateMeme.descriptionMaker.rules.rulesStrings.22 | T38: /VFEP_PirateMeme.descriptionMaker.rules.rulesStrings.3 | U38: /VFEP_PirateMeme.descriptionMaker.rules.rulesStrings.4 | V38: /VFEP_PirateMeme.descriptionMaker.rules.rulesStrings.5 | W38: /VFEP_PirateMeme.descriptionMaker.rules.rulesStrings.6 | X38: /VFEP_PirateMeme.descriptionMaker.rules.rulesStrings.7 | Y38: /VFEP_PirateMeme.descriptionMaker.rules.rulesStrings.8 | Z38: /VFEP_PirateMeme.descriptionMaker.rules.rulesStrings.9 | AA38: /VFEP_PirateMeme.generalRules.rulesStrings.0 | AB38: /VFEP_PirateMeme.generalRules.rulesStrings.1 | AC38: /VFEP_PirateMeme.generalRules.rulesStrings.10 | AD38: /VFEP_PirateMeme.generalRules.rulesStrings.11 | AE38: /VFEP_PirateMeme.generalRules.rulesStrings.12 | AF38: /VFEP_PirateMeme.generalRules.rulesStrings.13 | AG38: /VFEP_PirateMeme.generalRules.rulesStrings.14 | AH38: /VFEP_PirateMeme.generalRules.rulesStrings.15 | AI38: /VFEP_PirateMeme.generalRules.rulesStrings.16 | AJ38: /VFEP_PirateMeme.generalRules.rulesStrings.17 | AK38: /VFEP_PirateMeme.generalRules.rulesStrings.2 | AL38: /VFEP_PirateMeme.generalRules.rulesStrings.3 | AM38: /VFEP_PirateMeme.generalRules.rulesStrings.4 | AN38: /VFEP_PirateMeme.generalRules.rulesStrings.5 | AO38: /VFEP_PirateMeme.generalRules.rulesStrings.6 | AP38: /VFEP_PirateMeme.generalRules.rulesStrings.7 | AQ38: /VFEP_PirateMeme.generalRules.rulesStrings.8 | AR38: /VFEP_PirateMeme.generalRules.rulesStrings.9 | AS38: /VFEP_PirateMeme.label | AT38: /VFEP_PirateMeme.symbolPacks.0.adjective
B39: =_xlfn.CONCAT($A39,REPLACE(B40,1,1,"+")) -> +VCF.ModDef+awnKindDef+awnsArrivalModeDef+receptDef+aidStrategyDef+ecipeDef+esearchProjectDef+esearchTabDef+itualBehaviorDef+itualOutcomeEffectDef+ulePackDef+cenarioDef+cenPartDef+tatDef+torytellerDef+hingDef+houghtDef+oolCapacityDef+raitDef+FECore.Abilities.AbilityDef+FECore.ExpandableProjectileDef+FECore.Misc.HireableFactionDef+FEPirates.CurseDef+FEPirates.WarcasketDef+orkGiverDef+orldObjectDef+eyed+ | C39: 강자는 약자의 것을 빼앗는 것이 당연한 권리이지만, 동지애와 규범은 그 무엇보다 우선시되어야 합니다. | D39: creation(tag=meme_Pirate) ->[deity0_name]은 약자들에게 [deity0_possessive]의지를 강요하기 위해서는 [memberNamePlural]가 함께 힘을 합쳐야 한다는 것을 보여주었습니다. | E39: episode(uses=1,tag=meme_Pirate) ->[deity0_name]은 모든[memberNamePlural]에게 "성실한 봉사에는 좁은 공유지, 낮은 임금, 고된 노동이 있고, 해적질에는 풍요와 포만감, 쾌락과 편안함, 자유와 권력이 있다.그것을 잡아라."라고 외쳤습니다. | F39: lessonReinforcement(tag=meme_Pirate) ->그는 전우애와 동지애, 그리고 서로를 존중하는 것의 장점을 소중히 여기도록 가르쳐주었습니다. | G39: archistBasis(tag=meme_Pirate) ->초월공학은 스스로를 방어할 수 없는 자를 존중하지 않습니다. 우리보다 약한 자들과 승무원으로서 맞설 것입니다. | H39: archistFact(tag=meme_Pirate) ->우리는 동지애와 동지애가 우리를 강하게 만드는 가치라는 것을 초월공학에 증명할 것입니다. | I39: archistProphecy(tag=meme_Pirate) ->함께 당당히 서야만 우리는 초월에 합당하게 될 수 있습니다. | J39: animistBasis(tag=meme_Pirate) ->영령은 스스로를 방어할 수 없는 자를 존중하지 않습니다. 우리는 승무원으로서 자신보다 약한 자들과 맞서 싸울 것입니다. | K39: animistFact(tag=meme_Pirate) ->우리는 전우애와 동지애가 우리를 강하게 만드는 가치라는 것을 영령들에게 증명할 것입니다. | L39: animistProphecy(tag=meme_Pirate) ->[itIsSaid] 함께 당당히 서야만 영혼들이 진정으로 우리의 말에 귀를 기울일 수 있습니다. | M39: serketistProphecy(tag=meme_Pirate)->[itIsSaid] 우리는 동지애와 동지애가 우리를 강하게 만드는 가치임을 증명할 것입니다. | N39: chthonianProphecy(tag=meme_Pirate)->이 사악한 존재들은 우리를 파괴하려 하지만 우리는 함께 맞서 싸울 것입니다. 우리의 동지애는 그 어떤 것도, 심지어 그들도 흔들 수 없습니다. | O39: esotericismProphecy(tag=meme_Pirate)->이러한 오컬트 지식에는 단합된 의지가 필요합니다. 우리는 동료애로 뭉쳐서 이 신비로운 비밀을 쉽게 받아들일 수 있을 것입니다. | P39: intro(tag=meme_Pirate) ->[place_summary][place_name]에 [memberNamePlural]이 안전한 피난처를 만들었는데, 그곳에서 그들의 약탈은 [deity0_name]의 영광으로 간주될 수 있었습니다.. | Q39: eschatologismFact(tag=meme_Pirate)->우리는 우리보다 약한 자들을 약탈하고 또 약탈할 것입니다. 그들이 만든 세상은 파괴되어야 하며, 오직 우리 선원들만이 그들의 업적을 누릴 자격이 있기 때문입니다. | R39: introMemo(tag=meme_Pirate)->재생 및 회수 사무소의 일원으로서, 지구상에서 발견되는 모든 자원은 회사의 자산이며, 따라서 회사의 자산을 소유하려는 적대적인 세력은 극도의 편견으로 종식시켜야 한다는 점을 상기시켜 드립니다. 우리는 정당한 우리의 것을 다른 사람이 가져가는 것을 허용하지 않을 것입니다. | S39: alienistProphecy(tag=meme_Pirate)->이 변덕스러운 생명체들은 우리가 마음대로 할 수 있는 우리의 것입니다. | T39: conflict(tag=meme_Pirate) ->겁쟁이 [foeLeader]는 경멸의 눈으로 이것을 보았습니다. [foeLeader_pronoun]는 [foeLeader_objective] 자신을 위한 모든 부를 원했습니다. | U39: founderJoin(tag=meme_Pirate) ->[deity0_name]의 가장 진실한 동반자인 선장 [founderName]이 [foeLeader]를 대담한 습격으로 붙잡았습니다. | V39: victory(tag=meme_Pirate) ->[founderName]의 승무원들은 [deity0_name]의 영광을 위해 [foeLeader]을 감금했고, 그는 며칠 후 처형당했습니다.. | W39: setup(tag=meme_Pirate) ->[founderName]은 위대한 선장이자 진정한 지도자였습니다. 수천 명의 해적들이 [founder_possessive]의 무시무시한 깃발 아래 뭉쳤습니다. | X39: story(uses=1,tag=meme_Pirate) ->[founderName]은 승무원으로서 고난과 고통, 희생을 함께 이겨내야 한다는 것을 깨닫게 해주었습니다. 우리는 동지애와 동료애를 소중히 여기고 서로를 존중하는 법을 배웠습니다. | Y39: lessonIntro(tag=meme_Pirate) ->역사상 가장 위대한 해적, 남자들 사이에서 전설로 통하는 해적과 이야기를 나눴습니다. 그는 저에게 보여주었습니다. | Z39: lesson(tag=meme_Pirate) ->승무원으로서 고난과 고통, 희생을 함께 감당해야 합니다. | AA39: memeAdjective->모험을 즐기는 | AB39: memeAdjective->범죄적인 | AC39: memeLeaderAdjective->가혹한 | AD39: memeLeaderAdjective->냉담한 | AE39: memeLeaderAdjective->용감한 | AF39: memeLeaderAdjective->무자비한 | AG39: memeLeaderAdjective->대담한 | AH39: memeMoralist->사제 | AI39: memeMoralist->일등 항해사 | AJ39: memeMoralist->일등 항해사 | AK39: memeAdjective->약탈하는 | AL39: memeAdjective->강탈하는 | AM39: memeAdjective->반항적인 | AN39: memeAdjective->해적의 | AO39: memeLeaderNoun->선장 | AP39: memeLeaderNoun->지휘관 | AQ39: memeLeaderNoun->두목 | AR39: memeLeaderAdjective->용맹한 | AS39: 해적 | AT39: 해적
A40: MVCF.ModDef | B40: =_xlfn.CONCAT($A40,REPLACE(B41,1,1,"+")) -> MVCF.ModDef+awnKindDef+awnsArrivalModeDef+receptDef+aidStrategyDef+ecipeDef+esearchProjectDef+esearchTabDef+itualBehaviorDef+itualOutcomeEffectDef+ulePackDef+cenarioDef+cenPartDef+tatDef+torytellerDef+hingDef+houghtDef+oolCapacityDef+raitDef+FECore.Abilities.AbilityDef+FECore.ExpandableProjectileDef+FECore.Misc.HireableFactionDef+FEPirates.CurseDef+FEPirates.WarcasketDef+orkGiverDef+orldObjectDef+eyed+ | C40: =_xlfn.CONCAT($A40,REPLACE(C41,1,1,"+")) -> MVCF.ModDef+VFEP.description | D40: =_xlfn.CONCAT($A40,REPLACE(D41,1,1,"+")) -> MVCF.ModDef+VFEP.label
B41: =_xlfn.CONCAT($A41,REPLACE(B42,1,1,"+")) -> +awnKindDef+awnsArrivalModeDef+receptDef+aidStrategyDef+ecipeDef+esearchProjectDef+esearchTabDef+itualBehaviorDef+itualOutcomeEffectDef+ulePackDef+cenarioDef+cenPartDef+tatDef+torytellerDef+hingDef+houghtDef+oolCapacityDef+raitDef+FECore.Abilities.AbilityDef+FECore.ExpandableProjectileDef+FECore.Misc.HireableFactionDef+FEPirates.CurseDef+FEPirates.WarcasketDef+orkGiverDef+orldObjectDef+eyed+ | C41: /VFEP.description | D41: /VFEP.label
B42: =_xlfn.CONCAT($A42,REPLACE(B43,1,1,"+")) -> +awnKindDef+awnsArrivalModeDef+receptDef+aidStrategyDef+ecipeDef+esearchProjectDef+esearchTabDef+itualBehaviorDef+itualOutcomeEffectDef+ulePackDef+cenarioDef+cenPartDef+tatDef+torytellerDef+hingDef+houghtDef+oolCapacityDef+raitDef+FECore.Abilities.AbilityDef+FECore.ExpandableProjectileDef+FECore.Misc.HireableFactionDef+FEPirates.CurseDef+FEPirates.WarcasketDef+orkGiverDef+orldObjectDef+eyed+ | C42: VFE Pirates | D42: VFE Pirates
A43: PawnKindDef | B43: =_xlfn.CONCAT($A43,REPLACE(B44,1,1,"+")) -> PawnKindDef+awnsArrivalModeDef+receptDef+aidStrategyDef+ecipeDef+esearchProjectDef+esearchTabDef+itualBehaviorDef+itualOutcomeEffectDef+ulePackDef+cenarioDef+cenPartDef+tatDef+torytellerDef+hingDef+houghtDef+oolCapacityDef+raitDef+FECore.Abilities.AbilityDef+FECore.ExpandableProjectileDef+FECore.Misc.HireableFactionDef+FEPirates.CurseDef+FEPirates.WarcasketDef+orkGiverDef+orldObjectDef+eyed+ | C43: =_xlfn.CONCAT($A43,REPLACE(C44,1,1,"+")) -> PawnKindDef+VFEP_Artillery.label | D43: =_xlfn.CONCAT($A43,REPLACE(D44,1,1,"+")) -> PawnKindDef+VFEP_Captain.label | E43: =_xlfn.CONCAT($A43,REPLACE(E44,1,1,"+")) -> PawnKindDef+VFEP_Corporal.label | F43: =_xlfn.CONCAT($A43,REPLACE(F44,1,1,"+")) -> PawnKindDef+VFEP_Footsoldier.label | G43: =_xlfn.CONCAT($A43,REPLACE(G44,1,1,"+")) -> PawnKindDef+VFEP_General.label | H43: =_xlfn.CONCAT($A43,REPLACE(H44,1,1,"+")) -> PawnKindDef+VFEP_General_Melee.label | I43: =_xlfn.CONCAT($A43,REPLACE(I44,1,1,"+")) -> PawnKindDef+VFEP_HeavyWeaponsPlatform.label | ... V43: =_xlfn.CONCAT($A43,REPLACE(V44,1,1,"+")) -> PawnKindDef+VFEP_Veteran_Melee.label
B44: =_xlfn.CONCAT($A44,REPLACE(B45,1,1,"+")) -> +awnsArrivalModeDef+receptDef+aidStrategyDef+ecipeDef+esearchProjectDef+esearchTabDef+itualBehaviorDef+itualOutcomeEffectDef+ulePackDef+cenarioDef+cenPartDef+tatDef+torytellerDef+hingDef+houghtDef+oolCapacityDef+raitDef+FECore.Abilities.AbilityDef+FECore.ExpandableProjectileDef+FECore.Misc.HireableFactionDef+FEPirates.CurseDef+FEPirates.WarcasketDef+orkGiverDef+orldObjectDef+eyed+ | C44: /VFEP_Artillery.label | D44: /VFEP_Captain.label | E44: /VFEP_Corporal.label | F44: /VFEP_Footsoldier.label | G44: /VFEP_General.label | H44: /VFEP_General_Melee.label | I44: /VFEP_HeavyWeaponsPlatform.label | J44: /VFEP_Hussar.label | K44: /VFEP_Lieutenant.label | L44: /VFEP_Major.label | M44: /VFEP_Mech_Spidermine.label | N44: /VFEP_Mech_Wardrone.label | O44: /VFEP_PirateColonist.label | P44: /VFEP_Private.label | Q44: /VFEP_Pyro.label | R44: /VFEP_Scrapper.label | S44: /VFEP_Sergeant.label | T44: /VFEP_SergeantMajor.label | U44: /VFEP_Veteran.label | V44: /VFEP_Veteran_Melee.label
B45: =_xlfn.CONCAT($A45,REPLACE(B46,1,1,"+")) -> +awnsArrivalModeDef+receptDef+aidStrategyDef+ecipeDef+esearchProjectDef+esearchTabDef+itualBehaviorDef+itualOutcomeEffectDef+ulePackDef+cenarioDef+cenPartDef+tatDef+torytellerDef+hingDef+houghtDef+oolCapacityDef+raitDef+FECore.Abilities.AbilityDef+FECore.ExpandableProjectileDef+FECore.Misc.HireableFactionDef+FEPirates.CurseDef+FEPirates.WarcasketDef+orkGiverDef+orldObjectDef+eyed+ | C45: 포병 | D45: 대위 | E45: 상등병 | F45: 보병 | G45: 장군 | H45: 장군 | I45: 중화기 플랫폼 | J45: 후사르 | K45: 소위 | L45: 소령 | M45: 거미지뢰 | N45: 전쟁드론 | O45: 해적 | P45: 훈련병 | Q45: 방화광 | R45: 스크래퍼 | S45: 병장 | T45: 원사 | U45: 참전 군인 | V45: 참전 군인
A46: PawnsArrivalModeDef | B46: =_xlfn.CONCAT($A46,REPLACE(B47,1,1,"+")) -> PawnsArrivalModeDef+receptDef+aidStrategyDef+ecipeDef+esearchProjectDef+esearchTabDef+itualBehaviorDef+itualOutcomeEffectDef+ulePackDef+cenarioDef+cenPartDef+tatDef+torytellerDef+hingDef+houghtDef+oolCapacityDef+raitDef+FECore.Abilities.AbilityDef+FECore.ExpandableProjectileDef+FECore.Misc.HireableFactionDef+FEPirates.CurseDef+FEPirates.WarcasketDef+orkGiverDef+orldObjectDef+eyed+ | C46: =_xlfn.CONCAT($A46,REPLACE(C47,1,1,"+")) -> PawnsArrivalModeDef+VFEP_GauntletDrop.textEnemy | D46: =_xlfn.CONCAT($A46,REPLACE(D47,1,1,"+")) -> PawnsArrivalModeDef+VFEP_GauntletDrop.textFriendly | E46: =_xlfn.CONCAT($A46,REPLACE(E47,1,1,"+")) -> PawnsArrivalModeDef+VFEP_GauntletDrop.textWillArrive
B47: =_xlfn.CONCAT($A47,REPLACE(B48,1,1,"+")) -> +receptDef+aidStrategyDef+ecipeDef+esearchProjectDef+esearchTabDef+itualBehaviorDef+itualOutcomeEffectDef+ulePackDef+cenarioDef+cenPartDef+tatDef+torytellerDef+hingDef+houghtDef+oolCapacityDef+raitDef+FECore.Abilities.AbilityDef+FECore.ExpandableProjectileDef+FECore.Misc.HireableFactionDef+FEPirates.CurseDef+FEPirates.WarcasketDef+orkGiverDef+orldObjectDef+eyed+ | C47: /VFEP_GauntletDrop.textEnemy | D47: /VFEP_GauntletDrop.textFriendly | E47: /VFEP_GauntletDrop.textWillArrive
B48: =_xlfn.CONCAT($A48,REPLACE(B49,1,1,"+")) -> +receptDef+aidStrategyDef+ecipeDef+esearchProjectDef+esearchTabDef+itualBehaviorDef+itualOutcomeEffectDef+ulePackDef+cenarioDef+cenPartDef+tatDef+torytellerDef+hingDef+houghtDef+oolCapacityDef+raitDef+FECore.Abilities.AbilityDef+FECore.ExpandableProjectileDef+FECore.Misc.HireableFactionDef+FEPirates.CurseDef+FEPirates.WarcasketDef+orkGiverDef+orldObjectDef+eyed+ | C48: {1}에서온 {0}무리가 건틀렛 함선을 타고 도착하여 정착지 위에 충돌하고 있습니다. 건틀렛 함선은 엄호 사격을 제공하므로 즉시 파괴해야 합니다. | D48: {1}에서온 아군 {0}무리가 건틀렛 함선을 타고 도착하여 정착지 위에 충돌하고 있습니다. 건틀렛 함선은 엄호 사격을 제공할 것입니다. | E48: ({0_pawnsPluralDef} 는 건틀렛 배를 타고 바로 앞에 도착합니다.)
A49: PreceptDef | B49: =_xlfn.CONCAT($A49,REPLACE(B50,1,1,"+")) -> PreceptDef+aidStrategyDef+ecipeDef+esearchProjectDef+esearchTabDef+itualBehaviorDef+itualOutcomeEffectDef+ulePackDef+cenarioDef+cenPartDef+tatDef+torytellerDef+hingDef+houghtDef+oolCapacityDef+raitDef+FECore.Abilities.AbilityDef+FECore.ExpandableProjectileDef+FECore.Misc.HireableFactionDef+FEPirates.CurseDef+FEPirates.WarcasketDef+orkGiverDef+orldObjectDef+eyed+ | C49: =_xlfn.CONCAT($A49,REPLACE(C50,1,1,"+")) -> PreceptDef+VFEP_Camaraderie_Exalted.description | D49: =_xlfn.CONCAT($A49,REPLACE(D50,1,1,"+")) -> PreceptDef+VFEP_Camaraderie_Exalted.label | E49: =_xlfn.CONCAT($A49,REPLACE(E50,1,1,"+")) -> PreceptDef+VFEP_Camaraderie_Respected.description | F49: =_xlfn.CONCAT($A49,REPLACE(F50,1,1,"+")) -> PreceptDef+VFEP_Camaraderie_Respected.label | G49: =_xlfn.CONCAT($A49,REPLACE(G50,1,1,"+")) -> PreceptDef+VFEP_IdeoRole_Captain.description | H49: =_xlfn.CONCAT($A49,REPLACE(H50,1,1,"+")) -> PreceptDef+VFEP_IdeoRole_Captain.label | I49: =_xlfn.CONCAT($A49,REPLACE(I50,1,1,"+")) -> PreceptDef+VFEP_SingingShanties.description | J49: =_xlfn.CONCAT($A49,REPLACE(J50,1,1,"+")) -> PreceptDef+VFEP_SingingShanties.label
B50: =_xlfn.CONCAT($A50,REPLACE(B51,1,1,"+")) -> +aidStrategyDef+ecipeDef+esearchProjectDef+esearchTabDef+itualBehaviorDef+itualOutcomeEffectDef+ulePackDef+cenarioDef+cenPartDef+tatDef+torytellerDef+hingDef+houghtDef+oolCapacityDef+raitDef+FECore.Abilities.AbilityDef+FECore.ExpandableProjectileDef+FECore.Misc.HireableFactionDef+FEPirates.CurseDef+FEPirates.WarcasketDef+orkGiverDef+orldObjectDef+eyed+ | C50: /VFEP_Camaraderie_Exalted.description | D50: /VFEP_Camaraderie_Exalted.label | E50: /VFEP_Camaraderie_Respected.description | F50: /VFEP_Camaraderie_Respected.label | G50: /VFEP_IdeoRole_Captain.description | H50: /VFEP_IdeoRole_Captain.label | I50: /VFEP_SingingShanties.description | J50: /VFEP_SingingShanties.label
B51: =_xlfn.CONCAT($A51,REPLACE(B52,1,1,"+")) -> +aidStrategyDef+ecipeDef+esearchProjectDef+esearchTabDef+itualBehaviorDef+itualOutcomeEffectDef+ulePackDef+cenarioDef+cenPartDef+tatDef+torytellerDef+hingDef+houghtDef+oolCapacityDef+raitDef+FECore.Abilities.AbilityDef+FECore.ExpandableProjectileDef+FECore.Misc.HireableFactionDef+FEPirates.CurseDef+FEPirates.WarcasketDef+orkGiverDef+orldObjectDef+eyed+ | C51: 우리가 함께할 형제애의 식탁에서, 모두를 위한 하나, 하나를 위한 모두라는 동지애의 깃발이 펼쳐질 것입니다. 함께라면 우리는 세상을 가질 수 있습니다.\n\n<color=#E5E54C>Gameplay effect:</color>\n - Colonists will receive a +6 mood bonus after socializing with another colonist. | D51: 고귀한 | E51: 서로 다른 이해관계가 있지만 하나의 목표를 향해 나아가기 위해서는 승무원으로서 고난과 고통, 희생을 함께 감당해야 합니다.\n\n<color=#E5E54C>Gameplay effect:</color>\n - Colonists will receive a +3 mood bonus after socializing with another colonist. | F51: 존중받는 | G51: 일반적으로 대담하고 지배적인 자로 선택되는 해적 선장은 때때로 잔인함과 파괴성으로 존경을 받기도 합니다. | H51: 선장 | I51: 정착민들은 모닥불 주위에 모여 노래를 부르며 동지애를 다집니다. | J51: 뱃노래 부르기
A52: RaidStrategyDef | B52: =_xlfn.CONCAT($A52,REPLACE(B53,1,1,"+")) -> RaidStrategyDef+ecipeDef+esearchProjectDef+esearchTabDef+itualBehaviorDef+itualOutcomeEffectDef+ulePackDef+cenarioDef+cenPartDef+tatDef+torytellerDef+hingDef+houghtDef+oolCapacityDef+raitDef+FECore.Abilities.AbilityDef+FECore.ExpandableProjectileDef+FECore.Misc.HireableFactionDef+FEPirates.CurseDef+FEPirates.WarcasketDef+orkGiverDef+orldObjectDef+eyed+ | C52: =_xlfn.CONCAT($A52,REPLACE(C53,1,1,"+")) -> RaidStrategyDef+VFEP_GauntletStrat.arrivalTextEnemy | D52: =_xlfn.CONCAT($A52,REPLACE(D53,1,1,"+")) -> RaidStrategyDef+VFEP_GauntletStrat.arrivalTextFriendly | E52: =_xlfn.CONCAT($A52,REPLACE(E53,1,1,"+")) -> RaidStrategyDef+VFEP_GauntletStrat.letterLabelEnemy | F52: =_xlfn.CONCAT($A52,REPLACE(F53,1,1,"+")) -> RaidStrategyDef+VFEP_GauntletStrat.letterLabelFriendly
B53: =_xlfn.CONCAT($A53,REPLACE(B54,1,1,"+")) -> +ecipeDef+esearchProjectDef+esearchTabDef+itualBehaviorDef+itualOutcomeEffectDef+ulePackDef+cenarioDef+cenPartDef+tatDef+torytellerDef+hingDef+houghtDef+oolCapacityDef+raitDef+FECore.Abilities.AbilityDef+FECore.ExpandableProjectileDef+FECore.Misc.HireableFactionDef+FEPirates.CurseDef+FEPirates.WarcasketDef+orkGiverDef+orldObjectDef+eyed+ | C53: /VFEP_GauntletStrat.arrivalTextEnemy | D53: /VFEP_GauntletStrat.arrivalTextFriendly | E53: /VFEP_GauntletStrat.letterLabelEnemy | F53: /VFEP_GauntletStrat.letterLabelFriendly
B54: =_xlfn.CONCAT($A54,REPLACE(B55,1,1,"+")) -> +ecipeDef+esearchProjectDef+esearchTabDef+itualBehaviorDef+itualOutcomeEffectDef+ulePackDef+cenarioDef+cenPartDef+tatDef+torytellerDef+hingDef+houghtDef+oolCapacityDef+raitDef+FECore.Abilities.AbilityDef+FECore.ExpandableProjectileDef+FECore.Misc.HireableFactionDef+FEPirates.CurseDef+FEPirates.WarcasketDef+orkGiverDef+orldObjectDef+eyed+ | C54: {1}에서 온 {0}무리가 건틀렛 함선을 타고 도착하여 정착지 위에 충돌하고 있습니다. 건틀렛 함선은 엄호 사격을 제공하므로 즉시 파괴해야 합니다. | D54: 아군이 즉시 도움을 주기 위해 강하하고 있습니다. | E54: 습격 | F54: 아군
A55: RecipeDef | B55: =_xlfn.CONCAT($A55,REPLACE(B56,1,1,"+")) -> RecipeDef+esearchProjectDef+esearchTabDef+itualBehaviorDef+itualOutcomeEffectDef+ulePackDef+cenarioDef+cenPartDef+tatDef+torytellerDef+hingDef+houghtDef+oolCapacityDef+raitDef+FECore.Abilities.AbilityDef+FECore.ExpandableProjectileDef+FECore.Misc.HireableFactionDef+FEPirates.CurseDef+FEPirates.WarcasketDef+orkGiverDef+orldObjectDef+eyed+ | C55: =_xlfn.CONCAT($A55,REPLACE(C56,1,1,"+")) -> RecipeDef+VFEP_RemoveWarcasket.description | D55: =_xlfn.CONCAT($A55,REPLACE(D56,1,1,"+")) -> RecipeDef+VFEP_RemoveWarcasket.jobString | E55: =_xlfn.CONCAT($A55,REPLACE(E56,1,1,"+")) -> RecipeDef+VFEP_RemoveWarcasket.label
B56: =_xlfn.CONCAT($A56,REPLACE(B57,1,1,"+")) -> +esearchProjectDef+esearchTabDef+itualBehaviorDef+itualOutcomeEffectDef+ulePackDef+cenarioDef+cenPartDef+tatDef+torytellerDef+hingDef+houghtDef+oolCapacityDef+raitDef+FECore.Abilities.AbilityDef+FECore.ExpandableProjectileDef+FECore.Misc.HireableFactionDef+FEPirates.CurseDef+FEPirates.WarcasketDef+orkGiverDef+orldObjectDef+eyed+ | C56: /VFEP_RemoveWarcasket.description | D56: /VFEP_RemoveWarcasket.jobString | E56: /VFEP_RemoveWarcasket.label
B57: =_xlfn.CONCAT($A57,REPLACE(B58,1,1,"+")) -> +esearchProjectDef+esearchTabDef+itualBehaviorDef+itualOutcomeEffectDef+ulePackDef+cenarioDef+cenPartDef+tatDef+torytellerDef+hingDef+houghtDef+oolCapacityDef+raitDef+FECore.Abilities.AbilityDef+FECore.ExpandableProjectileDef+FECore.Misc.HireableFactionDef+FEPirates.CurseDef+FEPirates.WarcasketDef+orkGiverDef+orldObjectDef+eyed+ | C57: 몸체에서 워캐스킷을 제거합니다./ | D57: 워캐스킷을 제거하는중. | E57: 워캐스킷을 제거합니다.
A58: ResearchProjectDef | B58: =_xlfn.CONCAT($A58,REPLACE(B59,1,1,"+")) -> ResearchProjectDef+esearchTabDef+itualBehaviorDef+itualOutcomeEffectDef+ulePackDef+cenarioDef+cenPartDef+tatDef+torytellerDef+hingDef+houghtDef+oolCapacityDef+raitDef+FECore.Abilities.AbilityDef+FECore.ExpandableProjectileDef+FECore.Misc.HireableFactionDef+FEPirates.CurseDef+FEPirates.WarcasketDef+orkGiverDef+orldObjectDef+eyed+ | C58: =_xlfn.CONCAT($A58,REPLACE(C59,1,1,"+")) -> ResearchProjectDef+VFEP_AdvancedWarcaskets.description | D58: =_xlfn.CONCAT($A58,REPLACE(D59,1,1,"+")) -> ResearchProjectDef+VFEP_AdvancedWarcaskets.label | E58: =_xlfn.CONCAT($A58,REPLACE(E59,1,1,"+")) -> ResearchProjectDef+VFEP_SpacerWarcaskets.description | F58: =_xlfn.CONCAT($A58,REPLACE(F59,1,1,"+")) -> ResearchProjectDef+VFEP_SpacerWarcaskets.label | G58: =_xlfn.CONCAT($A58,REPLACE(G59,1,1,"+")) -> ResearchProjectDef+VFEP_SpacerWarcasketWeaponry.description | H58: =_xlfn.CONCAT($A58,REPLACE(H59,1,1,"+")) -> ResearchProjectDef+VFEP_SpacerWarcasketWeaponry.label | I58: =_xlfn.CONCAT($A58,REPLACE(I59,1,1,"+")) -> ResearchProjectDef+VFEP_SpecialisedWarcaskets.description | ... R58: =_xlfn.CONCAT($A58,REPLACE(R59,1,1,"+")) -> ResearchProjectDef+VFEP_WarcasketWeaponry.label
B59: =_xlfn.CONCAT($A59,REPLACE(B60,1,1,"+")) -> +esearchTabDef+itualBehaviorDef+itualOutcomeEffectDef+ulePackDef+cenarioDef+cenPartDef+tatDef+torytellerDef+hingDef+houghtDef+oolCapacityDef+raitDef+FECore.Abilities.AbilityDef+FECore.ExpandableProjectileDef+FECore.Misc.HireableFactionDef+FEPirates.CurseDef+FEPirates.WarcasketDef+orkGiverDef+orldObjectDef+eyed+ | C59: /VFEP_AdvancedWarcaskets.description | D59: /VFEP_AdvancedWarcaskets.label | E59: /VFEP_SpacerWarcaskets.description | F59: /VFEP_SpacerWarcaskets.label | G59: /VFEP_SpacerWarcasketWeaponry.description | H59: /VFEP_SpacerWarcasketWeaponry.label | I59: /VFEP_SpecialisedWarcaskets.description | J59: /VFEP_SpecialisedWarcaskets.label | K59: /VFEP_SweatFermentation.description | L59: /VFEP_SweatFermentation.label | M59: /VFEP_WarcasketRemoval.description | N59: /VFEP_WarcasketRemoval.label | O59: /VFEP_Warcaskets.description | P59: /VFEP_Warcaskets.label | Q59: /VFEP_WarcasketWeaponry.description | R59: /VFEP_WarcasketWeaponry.label
B60: =_xlfn.CONCAT($A60,REPLACE(B61,1,1,"+")) -> +esearchTabDef+itualBehaviorDef+itualOutcomeEffectDef+ulePackDef+cenarioDef+cenPartDef+tatDef+torytellerDef+hingDef+houghtDef+oolCapacityDef+raitDef+FECore.Abilities.AbilityDef+FECore.ExpandableProjectileDef+FECore.Misc.HireableFactionDef+FEPirates.CurseDef+FEPirates.WarcasketDef+orkGiverDef+orldObjectDef+eyed+ | C60: 속도, 보호 또는 균형 잡힌 접근 방식을 지향하는 개선된 형태의 워캐스킷을 구성합니다.. | D60: 고급 워캐스킷 | E60: 우주시대의 워캐스킷을 제조합니다. - 전쟁 기술의 절정입니다. | F60: 우주기술 워캐스킷 | G60: 새로운 우주기술을 활용하여 워캐스킷에 장착하도록 설계된 확장된 무기를 제조합니다. | H60: 우주기술 워캐스킷 무기 | I60: 전문적인 역활에 맞게 설게된 워캐스킷을 제조합니다. | J60: 전문화 워캐스킷 | K60: 알코올 증류와 영양죽 합성을 결합하여 재활용된 배설물로부터 럼주를 생산하는 슈트를 제조합니다. | L60: 분비물 발효 | M60: 폰을 워캐스킷으로부터 제거하는 "워캐스킷 제거"수술을 해금하여 그들의 팔과 다리를 모두 잃게 하며, 워캐스킷을 슬래그로 변하게 합니다. | N60: 워캐스킷 제거 | O60: 워캐시큿 주조 공장을 건설하여 기본 워캐스킷 부품을 제조하고 해당 워케스킷을 활용할 수 있도록 폰을 장착합니다. | P60: 워캐스킷 | Q60: 워캐스킷에 장착할 수 있도록 설계된 확장된 무기를 제조합니다. | R60: 워캐스킷 무기
A61: ResearchTabDef | B61: =_xlfn.CONCAT($A61,REPLACE(B62,1,1,"+")) -> ResearchTabDef+itualBehaviorDef+itualOutcomeEffectDef+ulePackDef+cenarioDef+cenPartDef+tatDef+torytellerDef+hingDef+houghtDef+oolCapacityDef+raitDef+FECore.Abilities.AbilityDef+FECore.ExpandableProjectileDef+FECore.Misc.HireableFactionDef+FEPirates.CurseDef+FEPirates.WarcasketDef+orkGiverDef+orldObjectDef+eyed+ | C61: =_xlfn.CONCAT($A61,REPLACE(C62,1,1,"+")) -> ResearchTabDef+VanillaExpanded.label
B62: =_xlfn.CONCAT($A62,REPLACE(B63,1,1,"+")) -> +itualBehaviorDef+itualOutcomeEffectDef+ulePackDef+cenarioDef+cenPartDef+tatDef+torytellerDef+hingDef+houghtDef+oolCapacityDef+raitDef+FECore.Abilities.AbilityDef+FECore.ExpandableProjectileDef+FECore.Misc.HireableFactionDef+FEPirates.CurseDef+FEPirates.WarcasketDef+orkGiverDef+orldObjectDef+eyed+ | C62: /VanillaExpanded.label
B63: =_xlfn.CONCAT($A63,REPLACE(B64,1,1,"+")) -> +itualBehaviorDef+itualOutcomeEffectDef+ulePackDef+cenarioDef+cenPartDef+tatDef+torytellerDef+hingDef+houghtDef+oolCapacityDef+raitDef+FECore.Abilities.AbilityDef+FECore.ExpandableProjectileDef+FECore.Misc.HireableFactionDef+FEPirates.CurseDef+FEPirates.WarcasketDef+orkGiverDef+orldObjectDef+eyed+ | C63: Vanilla Expanded
A64: RitualBehaviorDef | B64: =_xlfn.CONCAT($A64,REPLACE(B65,1,1,"+")) -> RitualBehaviorDef+itualOutcomeEffectDef+ulePackDef+cenarioDef+cenPartDef+tatDef+torytellerDef+hingDef+houghtDef+oolCapacityDef+raitDef+FECore.Abilities.AbilityDef+FECore.ExpandableProjectileDef+FECore.Misc.HireableFactionDef+FEPirates.CurseDef+FEPirates.WarcasketDef+orkGiverDef+orldObjectDef+eyed+ | C64: =_xlfn.CONCAT($A64,REPLACE(C65,1,1,"+")) -> RitualBehaviorDef+VFEP_SingingShantiesBehaviour.roles.0.label
B65: =_xlfn.CONCAT($A65,REPLACE(B66,1,1,"+")) -> +itualOutcomeEffectDef+ulePackDef+cenarioDef+cenPartDef+tatDef+torytellerDef+hingDef+houghtDef+oolCapacityDef+raitDef+FECore.Abilities.AbilityDef+FECore.ExpandableProjectileDef+FECore.Misc.HireableFactionDef+FEPirates.CurseDef+FEPirates.WarcasketDef+orkGiverDef+orldObjectDef+eyed+ | C65: /VFEP_SingingShantiesBehaviour.roles.0.label
B66: =_xlfn.CONCAT($A66,REPLACE(B67,1,1,"+")) -> +itualOutcomeEffectDef+ulePackDef+cenarioDef+cenPartDef+tatDef+torytellerDef+hingDef+houghtDef+oolCapacityDef+raitDef+FECore.Abilities.AbilityDef+FECore.ExpandableProjectileDef+FECore.Misc.HireableFactionDef+FEPirates.CurseDef+FEPirates.WarcasketDef+orkGiverDef+orldObjectDef+eyed+ | C66: 선창자
A67: RitualOutcomeEffectDef | B67: =_xlfn.CONCAT($A67,REPLACE(B68,1,1,"+")) -> RitualOutcomeEffectDef+ulePackDef+cenarioDef+cenPartDef+tatDef+torytellerDef+hingDef+houghtDef+oolCapacityDef+raitDef+FECore.Abilities.AbilityDef+FECore.ExpandableProjectileDef+FECore.Misc.HireableFactionDef+FEPirates.CurseDef+FEPirates.WarcasketDef+orkGiverDef+orldObjectDef+eyed+ | C67: =_xlfn.CONCAT($A67,REPLACE(C68,1,1,"+")) -> RitualOutcomeEffectDef+VFEP_SingingShantiesOutcome.comps.0.label | D67: =_xlfn.CONCAT($A67,REPLACE(D68,1,1,"+")) -> RitualOutcomeEffectDef+VFEP_SingingShantiesOutcome.comps.1.label | E67: =_xlfn.CONCAT($A67,REPLACE(E68,1,1,"+")) -> RitualOutcomeEffectDef+VFEP_SingingShantiesOutcome.comps.2.label | F67: =_xlfn.CONCAT($A67,REPLACE(F68,1,1,"+")) -> RitualOutcomeEffectDef+VFEP_SingingShantiesOutcome.description | G67: =_xlfn.CONCAT($A67,REPLACE(G68,1,1,"+")) -> RitualOutcomeEffectDef+VFEP_SingingShantiesOutcome.outcomeChances.0.description | H67: =_xlfn.CONCAT($A67,REPLACE(H68,1,1,"+")) -> RitualOutcomeEffectDef+VFEP_SingingShantiesOutcome.outcomeChances.0.label | I67: =_xlfn.CONCAT($A67,REPLACE(I68,1,1,"+")) -> RitualOutcomeEffectDef+VFEP_SingingShantiesOutcome.outcomeChances.1.description | ... N67: =_xlfn.CONCAT($A67,REPLACE(N68,1,1,"+")) -> RitualOutcomeEffectDef+VFEP_SingingShantiesOutcome.outcomeChances.3.label
B68: =_xlfn.CONCAT($A68,REPLACE(B69,1,1,"+")) -> +ulePackDef+cenarioDef+cenPartDef+tatDef+torytellerDef+hingDef+houghtDef+oolCapacityDef+raitDef+FECore.Abilities.AbilityDef+FECore.ExpandableProjectileDef+FECore.Misc.HireableFactionDef+FEPirates.CurseDef+FEPirates.WarcasketDef+orkGiverDef+orldObjectDef+eyed+ | C68: /VFEP_SingingShantiesOutcome.comps.0.label | D68: /VFEP_SingingShantiesOutcome.comps.1.label | E68: /VFEP_SingingShantiesOutcome.comps.2.label | F68: /VFEP_SingingShantiesOutcome.description | G68: /VFEP_SingingShantiesOutcome.outcomeChances.0.description | H68: /VFEP_SingingShantiesOutcome.outcomeChances.0.label | I68: /VFEP_SingingShantiesOutcome.outcomeChances.1.description | J68: /VFEP_SingingShantiesOutcome.outcomeChances.1.label | K68: /VFEP_SingingShantiesOutcome.outcomeChances.2.description | L68: /VFEP_SingingShantiesOutcome.outcomeChances.2.label | M68: /VFEP_SingingShantiesOutcome.outcomeChances.3.description | N68: /VFEP_SingingShantiesOutcome.outcomeChances.3.label
B69: =_xlfn.CONCAT($A69,REPLACE(B70,1,1,"+")) -> +ulePackDef+cenarioDef+cenPartDef+tatDef+torytellerDef+hingDef+houghtDef+oolCapacityDef+raitDef+FECore.Abilities.AbilityDef+FECore.ExpandableProjectileDef+FECore.Misc.HireableFactionDef+FEPirates.CurseDef+FEPirates.WarcasketDef+orkGiverDef+orldObjectDef+eyed+ | C69: 선창가 참여 | D69: 참여자 수 | E69: 방 인상 | F69: 의식 품질에 따라 참가자는 {MOODDAYS}일 동안 {MINMOOD}에서 {MAXMOOD}사이의 기분을 얻게 됩니다. 평균 이상의 품질을 가진 의식은 새로운 퀘스트를 제공합니다. 좋은 품질의 뱃노래는 모든 참가자에게 누군가를 잃는 것에 대한 부정적인 생각을 제거해줍니다. | G69: {0}은 엄청나게 지루했습니다. 선장은 열정이 부족했고 동지애가 느껴지지 않았습니다. | H69: 끔찍한 | I69: {0}은 지루했습니다. 선장은 우리를 어린애 취급하며 기분을 복돋아줄 말을 간절히 원했습니다. | J69: 지루한 | K69: {0}은 매우 즐거웠습니다.빌어먹게도, 정말로 멋진 노래였습니다. 선장은 우리의 기운을 복돋아 주었고, 우리를 더욱 강하게 만들어 줄 동료애와 유대감을 느끼게 해주었습니다.\n\n나중에 가사를 분석해보니, 고대의 단어가 실제로는 가능한 임무에 대한 단서를 교묘하게 암호화한 것임을 발견했습니다! | L69: 즐거운 | M69: {0}은 정말 대단했습니다! 동지애의 소중함을 일깨워주던 선장의 매혹적인 노랫소리가 아직도 귀에 생생합니다. 슬픔이 사라지는 느낌까지 들었습니다.\n\n이후 가사를 분석해보니, 이 고대의 단어가 사실 임무에 대한 다서가 교묘하게 암호화된 것임을 알 수 있었습니다! | N69: 인상적인
A70: RulePackDef | B70: =_xlfn.CONCAT($A70,REPLACE(B71,1,1,"+")) -> RulePackDef+cenarioDef+cenPartDef+tatDef+torytellerDef+hingDef+houghtDef+oolCapacityDef+raitDef+FECore.Abilities.AbilityDef+FECore.ExpandableProjectileDef+FECore.Misc.HireableFactionDef+FEPirates.CurseDef+FEPirates.WarcasketDef+orkGiverDef+orldObjectDef+eyed+ | C70: =_xlfn.CONCAT($A70,REPLACE(C71,1,1,"+")) -> RulePackDef+VFEM_NamerPersonJunker.rulePack.rulesStrings.0 | D70: =_xlfn.CONCAT($A70,REPLACE(D71,1,1,"+")) -> RulePackDef+VFEM_NamerPersonJunkerFemale.rulePack.rulesStrings.0 | E70: =_xlfn.CONCAT($A70,REPLACE(E71,1,1,"+")) -> RulePackDef+VFEP_NamerRoleCaptain.rulePack.rulesStrings.0 | F70: =_xlfn.CONCAT($A70,REPLACE(F71,1,1,"+")) -> RulePackDef+VFEP_NamerRoleCaptain.rulePack.rulesStrings.1 | G70: =_xlfn.CONCAT($A70,REPLACE(G71,1,1,"+")) -> RulePackDef+VFEP_NamerRoleCaptain.rulePack.rulesStrings.10 | H70: =_xlfn.CONCAT($A70,REPLACE(H71,1,1,"+")) -> RulePackDef+VFEP_NamerRoleCaptain.rulePack.rulesStrings.11 | I70: =_xlfn.CONCAT($A70,REPLACE(I71,1,1,"+")) -> RulePackDef+VFEP_NamerRoleCaptain.rulePack.rulesStrings.12 | ... AD70: =_xlfn.CONCAT($A70,REPLACE(AD71,1,1,"+")) -> RulePackDef+VFEP_NamerRoleCaptain.rulePack.rulesStrings.9
B71: =_xlfn.CONCAT($A71,REPLACE(B72,1,1,"+")) -> +cenarioDef+cenPartDef+tatDef+torytellerDef+hingDef+houghtDef+oolCapacityDef+raitDef+FECore.Abilities.AbilityDef+FECore.ExpandableProjectileDef+FECore.Misc.HireableFactionDef+FEPirates.CurseDef+FEPirates.WarcasketDef+orkGiverDef+orldObjectDef+eyed+ | C71: /VFEM_NamerPersonJunker.rulePack.rulesStrings.0 | D71: /VFEM_NamerPersonJunkerFemale.rulePack.rulesStrings.0 | E71: /VFEP_NamerRoleCaptain.rulePack.rulesStrings.0 | F71: /VFEP_NamerRoleCaptain.rulePack.rulesStrings.1 | G71: /VFEP_NamerRoleCaptain.rulePack.rulesStrings.10 | H71: /VFEP_NamerRoleCaptain.rulePack.rulesStrings.11 | I71: /VFEP_NamerRoleCaptain.rulePack.rulesStrings.12 | J71: /VFEP_NamerRoleCaptain.rulePack.rulesStrings.13 | K71: /VFEP_NamerRoleCaptain.rulePack.rulesStrings.14 | L71: /VFEP_NamerRoleCaptain.rulePack.rulesStrings.15 | M71: /VFEP_NamerRoleCaptain.rulePack.rulesStrings.16 | N71: /VFEP_NamerRoleCaptain.rulePack.rulesStrings.17 | O71: /VFEP_NamerRoleCaptain.rulePack.rulesStrings.18 | P71: /VFEP_NamerRoleCaptain.rulePack.rulesStrings.19 | Q71: /VFEP_NamerRoleCaptain.rulePack.rulesStrings.2 | R71: /VFEP_NamerRoleCaptain.rulePack.rulesStrings.20 | S71: /VFEP_NamerRoleCaptain.rulePack.rulesStrings.21 | T71: /VFEP_NamerRoleCaptain.rulePack.rulesStrings.22 | U71: /VFEP_NamerRoleCaptain.rulePack.rulesStrings.23 | V71: /VFEP_NamerRoleCaptain.rulePack.rulesStrings.24 | W71: /VFEP_NamerRoleCaptain.rulePack.rulesStrings.25 | X71: /VFEP_NamerRoleCaptain.rulePack.rulesStrings.3 | Y71: /VFEP_NamerRoleCaptain.rulePack.rulesStrings.4 | Z71: /VFEP_NamerRoleCaptain.rulePack.rulesStrings.5 | AA71: /VFEP_NamerRoleCaptain.rulePack.rulesStrings.6 | AB71: /VFEP_NamerRoleCaptain.rulePack.rulesStrings.7 | AC71: /VFEP_NamerRoleCaptain.rulePack.rulesStrings.8 | AD71: /VFEP_NamerRoleCaptain.rulePack.rulesStrings.9
B72: =_xlfn.CONCAT($A72,REPLACE(B73,1,1,"+")) -> +cenarioDef+cenPartDef+tatDef+torytellerDef+hingDef+houghtDef+oolCapacityDef+raitDef+FECore.Abilities.AbilityDef+FECore.ExpandableProjectileDef+FECore.Misc.HireableFactionDef+FEPirates.CurseDef+FEPirates.WarcasketDef+orkGiverDef+orldObjectDef+eyed+ | C72: r_name(p=2)->[Junker_First_Male] [Junker_Last] | D72: r_name(p=2)->[Junker_First_Female] [Junker_Last] | E72: r_roleName(p=7)->[firstPart] [secondPart] | F72: firstPart->거무스름한 | G72: firstPart->건장한 | H72: firstPart->초췌한 | I72: firstPart->난폭한 | J72: firstPart->억센 | K72: secondPart(p=4)->해적 | L72: secondPart(p=4)->사병 | M72: secondPart(p=4)->사략꾼 | N72: secondPart(p=4)->약탈자 | O72: secondPart(p=4)->방랑자 | P72: secondPart(p=4)->강탈자 | Q72: firstPart->상스러운 | R72: secondPart(p=4)->밀매업자 | S72: secondPart(p=4)->밀수꾼 | T72: secondPart(p=4)->약탈자 | U72: secondPart(p=4)->도적 | V72: secondPart(p=4)->좀도둑 | W72: secondPart(p=4)->도둑 | X72: firstPart->수상한 | Y72: firstPart->기만적인 | Z72: firstPart->부도덕한 | AA72: firstPart->교활한 | AB72: firstPart->묘한 매력의 | AC72: firstPart->비뚤어진 | AD72: firstPart->지저분한
A73: ScenarioDef | B73: =_xlfn.CONCAT($A73,REPLACE(B74,1,1,"+")) -> ScenarioDef+cenPartDef+tatDef+torytellerDef+hingDef+houghtDef+oolCapacityDef+raitDef+FECore.Abilities.AbilityDef+FECore.ExpandableProjectileDef+FECore.Misc.HireableFactionDef+FEPirates.CurseDef+FEPirates.WarcasketDef+orkGiverDef+orldObjectDef+eyed+ | C73: =_xlfn.CONCAT($A73,REPLACE(C74,1,1,"+")) -> ScenarioDef+VFEP_LowOrbitCrash.scenario.description | D73: =_xlfn.CONCAT($A73,REPLACE(D74,1,1,"+")) -> ScenarioDef+VFEP_LowOrbitCrash.scenario.label | E73: =_xlfn.CONCAT($A73,REPLACE(E74,1,1,"+")) -> ScenarioDef+VFEP_LowOrbitCrash.scenario.summary
B74: =_xlfn.CONCAT($A74,REPLACE(B75,1,1,"+")) -> +cenPartDef+tatDef+torytellerDef+hingDef+houghtDef+oolCapacityDef+raitDef+FECore.Abilities.AbilityDef+FECore.ExpandableProjectileDef+FECore.Misc.HireableFactionDef+FEPirates.CurseDef+FEPirates.WarcasketDef+orkGiverDef+orldObjectDef+eyed+ | C74: /VFEP_LowOrbitCrash.scenario.description | D74: /VFEP_LowOrbitCrash.scenario.label | E74: /VFEP_LowOrbitCrash.scenario.summary
B75: =_xlfn.CONCAT($A75,REPLACE(B76,1,1,"+")) -> +cenPartDef+tatDef+torytellerDef+hingDef+houghtDef+oolCapacityDef+raitDef+FECore.Abilities.AbilityDef+FECore.ExpandableProjectileDef+FECore.Misc.HireableFactionDef+FEPirates.CurseDef+FEPirates.WarcasketDef+orkGiverDef+orldObjectDef+eyed+ | C75: 함선이 저궤도로 진입하면서 엄청난 힘으로 선체에 무언가가 부딪혔습니다. 그것이 인공지능 핵의 계산 착오인지, 끔찍한 사고인지, 아니면 조작된 공격인지, 당신은 그것이 중요하지 않다는 것을 빠르게 깨달았습니다. 당신은 승무원들에게 탈출정에 들어가라고 명령했지만, 모든 사람들이 제 시간에 동면에서 깨어날수는 없었습니다. 함선은 표면으로 내려오면서 수많은 덩어리로 갈라졌고, 당신이 할 수 있는 유일한 방법은 비상드롭포드의 배출 버튼을 치는 것이었습니다. 아마도 어떤것들은 여전히 잔해에서 복구될 수 있을것입니다. 알림: 당신은 불시착을 시작하고 얻을 수 있는것은 약탈할 수 있는 것을 제외하고 어떠한 보급품도 없습니다. 이것은 어려운 시나리오입니다. | D75: 저궤도 충돌 | E75: 어딘가 외딴 곳에 착륙한 해적 한무리입니다.
A76: ScenPartDef | B76: =_xlfn.CONCAT($A76,REPLACE(B77,1,1,"+")) -> ScenPartDef+tatDef+torytellerDef+hingDef+houghtDef+oolCapacityDef+raitDef+FECore.Abilities.AbilityDef+FECore.ExpandableProjectileDef+FECore.Misc.HireableFactionDef+FEPirates.CurseDef+FEPirates.WarcasketDef+orkGiverDef+orldObjectDef+eyed+ | C76: =_xlfn.CONCAT($A76,REPLACE(C77,1,1,"+")) -> ScenPartDef+VFEP_PlayerPawnsArriveCrash.label
B77: =_xlfn.CONCAT($A77,REPLACE(B78,1,1,"+")) -> +tatDef+torytellerDef+hingDef+houghtDef+oolCapacityDef+raitDef+FECore.Abilities.AbilityDef+FECore.ExpandableProjectileDef+FECore.Misc.HireableFactionDef+FEPirates.CurseDef+FEPirates.WarcasketDef+orkGiverDef+orldObjectDef+eyed+ | C77: /VFEP_PlayerPawnsArriveCrash.label
B78: =_xlfn.CONCAT($A78,REPLACE(B79,1,1,"+")) -> +tatDef+torytellerDef+hingDef+houghtDef+oolCapacityDef+raitDef+FECore.Abilities.AbilityDef+FECore.ExpandableProjectileDef+FECore.Misc.HireableFactionDef+FEPirates.CurseDef+FEPirates.WarcasketDef+orkGiverDef+orldObjectDef+eyed+ | C78: 도착 방법
A79: StatDef | B79: =_xlfn.CONCAT($A79,REPLACE(B80,1,1,"+")) -> StatDef+torytellerDef+hingDef+houghtDef+oolCapacityDef+raitDef+FECore.Abilities.AbilityDef+FECore.ExpandableProjectileDef+FECore.Misc.HireableFactionDef+FEPirates.CurseDef+FEPirates.WarcasketDef+orkGiverDef+orldObjectDef+eyed+ | C79: =_xlfn.CONCAT($A79,REPLACE(C80,1,1,"+")) -> StatDef+VFEP_FlightSpeed.description | D79: =_xlfn.CONCAT($A79,REPLACE(D80,1,1,"+")) -> StatDef+VFEP_FlightSpeed.label | E79: =_xlfn.CONCAT($A79,REPLACE(E80,1,1,"+")) -> StatDef+VFEP_PowerJumpDetonationRadius.description | F79: =_xlfn.CONCAT($A79,REPLACE(F80,1,1,"+")) -> StatDef+VFEP_PowerJumpDetonationRadius.label | G79: =_xlfn.CONCAT($A79,REPLACE(G80,1,1,"+")) -> StatDef+VFEP_PowerJumpRange.description | H79: =_xlfn.CONCAT($A79,REPLACE(H80,1,1,"+")) -> StatDef+VFEP_PowerJumpRange.label | I79: =_xlfn.CONCAT($A79,REPLACE(I80,1,1,"+")) -> StatDef+VFEP_SiegeModeCooldown.description | ... K79: =_xlfn.CONCAT($A79,REPLACE(K80,1,1,"+")) -> StatDef+VFEP_SiegeModeCooldown.label
B80: =_xlfn.CONCAT($A80,REPLACE(B81,1,1,"+")) -> +torytellerDef+hingDef+houghtDef+oolCapacityDef+raitDef+FECore.Abilities.AbilityDef+FECore.ExpandableProjectileDef+FECore.Misc.HireableFactionDef+FEPirates.CurseDef+FEPirates.WarcasketDef+orkGiverDef+orldObjectDef+eyed+ | C80: /VFEP_FlightSpeed.description | D80: /VFEP_FlightSpeed.label | E80: /VFEP_PowerJumpDetonationRadius.description | F80: /VFEP_PowerJumpDetonationRadius.label | G80: /VFEP_PowerJumpRange.description | H80: /VFEP_PowerJumpRange.label | I80: /VFEP_SiegeModeCooldown.description | J80: /VFEP_SiegeModeCooldown.formatString | K80: /VFEP_SiegeModeCooldown.label
B81: =_xlfn.CONCAT($A81,REPLACE(B82,1,1,"+")) -> +torytellerDef+hingDef+houghtDef+oolCapacityDef+raitDef+FECore.Abilities.AbilityDef+FECore.ExpandableProjectileDef+FECore.Misc.HireableFactionDef+FEPirates.CurseDef+FEPirates.WarcasketDef+orkGiverDef+orldObjectDef+eyed+ | C81: 도약의 속도 입니다. | D81: 도약 비행 속도 | E81: 폭발 영역의 반지름입니다. | F81: 도약 폭발 반경 | G81: 도약의 최대 거리입니다. | H81: 도약 범위 | I81: 공성모드를 다시 활성화하는 데 걸리는 시간입니다. | J81: {0} 초 | K81: 공성모드 재사용 대기시간
A82: StorytellerDef | B82: =_xlfn.CONCAT($A82,REPLACE(B83,1,1,"+")) -> StorytellerDef+hingDef+houghtDef+oolCapacityDef+raitDef+FECore.Abilities.AbilityDef+FECore.ExpandableProjectileDef+FECore.Misc.HireableFactionDef+FEPirates.CurseDef+FEPirates.WarcasketDef+orkGiverDef+orldObjectDef+eyed+ | C82: =_xlfn.CONCAT($A82,REPLACE(C83,1,1,"+")) -> StorytellerDef+VFEP_Casper.description | D82: =_xlfn.CONCAT($A82,REPLACE(D83,1,1,"+")) -> StorytellerDef+VFEP_Casper.label
B83: =_xlfn.CONCAT($A83,REPLACE(B84,1,1,"+")) -> +hingDef+houghtDef+oolCapacityDef+raitDef+FECore.Abilities.AbilityDef+FECore.ExpandableProjectileDef+FECore.Misc.HireableFactionDef+FEPirates.CurseDef+FEPirates.WarcasketDef+orkGiverDef+orldObjectDef+eyed+ | C83: /VFEP_Casper.description | D83: /VFEP_Casper.label
B84: =_xlfn.CONCAT($A84,REPLACE(B85,1,1,"+")) -> +hingDef+houghtDef+oolCapacityDef+raitDef+FECore.Abilities.AbilityDef+FECore.ExpandableProjectileDef+FECore.Misc.HireableFactionDef+FEPirates.CurseDef+FEPirates.WarcasketDef+orkGiverDef+orldObjectDef+eyed+ | C84: 캐스퍼는 수년간 알려진 우주를 여행해 왔습니다. 그는 저주받았고, 저주를 푸는 가장 좋은 방법은 그것을 다른 사람들과 나누는 것입니다. 그는 당신이 더 많은 저주를 받을수록 당신에게 보상할 것입니다. | D84: 저주받은 캐스퍼
A85: ThingDef | B85: =_xlfn.CONCAT($A85,REPLACE(B86,1,1,"+")) -> ThingDef+houghtDef+oolCapacityDef+raitDef+FECore.Abilities.AbilityDef+FECore.ExpandableProjectileDef+FECore.Misc.HireableFactionDef+FEPirates.CurseDef+FEPirates.WarcasketDef+orkGiverDef+orldObjectDef+eyed+ | C85: =_xlfn.CONCAT($A85,REPLACE(C86,1,1,"+")) -> ThingDef+VFEP_ActiveDropPawn.label | D85: =_xlfn.CONCAT($A85,REPLACE(D86,1,1,"+")) -> ThingDef+VFEP_Apparel_Privateer.description | E85: =_xlfn.CONCAT($A85,REPLACE(E86,1,1,"+")) -> ThingDef+VFEP_Apparel_Privateer.label | F85: =_xlfn.CONCAT($A85,REPLACE(F86,1,1,"+")) -> ThingDef+VFEP_Apparel_Rumsuit.description | G85: =_xlfn.CONCAT($A85,REPLACE(G86,1,1,"+")) -> ThingDef+VFEP_Apparel_Rumsuit.label | H85: =_xlfn.CONCAT($A85,REPLACE(H86,1,1,"+")) -> ThingDef+VFEP_Artillery_Cannon.description | I85: =_xlfn.CONCAT($A85,REPLACE(I86,1,1,"+")) -> ThingDef+VFEP_Artillery_Cannon.label | ... GS85: =_xlfn.CONCAT($A85,REPLACE(GS86,1,1,"+")) -> ThingDef+VWEP_Bullet_WarcasketSalvagedLaserEradicator.label
B86: =_xlfn.CONCAT($A86,REPLACE(B87,1,1,"+")) -> +houghtDef+oolCapacityDef+raitDef+FECore.Abilities.AbilityDef+FECore.ExpandableProjectileDef+FECore.Misc.HireableFactionDef+FEPirates.CurseDef+FEPirates.WarcasketDef+orkGiverDef+orldObjectDef+eyed+ | C86: /VFEP_ActiveDropPawn.label | D86: /VFEP_Apparel_Privateer.description | E86: /VFEP_Apparel_Privateer.label | F86: /VFEP_Apparel_Rumsuit.description | G86: /VFEP_Apparel_Rumsuit.label | H86: /VFEP_Artillery_Cannon.description | I86: /VFEP_Artillery_Cannon.label | J86: /VFEP_Artillery_FieldGun.description | K86: /VFEP_Artillery_FieldGun.label | L86: /VFEP_Box_Autorifle.description | M86: /VFEP_Box_Autorifle.label | N86: /VFEP_Box_Broadsword.description | O86: /VFEP_Box_Broadsword.label | P86: /VFEP_Box_ChargeBlaster.description | Q86: /VFEP_Box_ChargeBlaster.label | R86: /VFEP_Box_ChargeLance.description | S86: /VFEP_Box_ChargeLance.label | T86: /VFEP_Box_CombatKnife.description | U86: /VFEP_Box_CombatKnife.label | V86: /VFEP_Box_FoldingGun.description | W86: /VFEP_Box_FoldingGun.label | X86: /VFEP_Box_GravityHammer.description | Y86: /VFEP_Box_GravityHammer.label | Z86: /VFEP_Box_GrenadeLauncher.description | AA86: /VFEP_Box_GrenadeLauncher.label | AB86: /VFEP_Box_HandheldCannon.description | AC86: /VFEP_Box_HandheldCannon.label | AD86: /VFEP_Box_HeavyFlamer.description | AE86: /VFEP_Box_HeavyFlamer.label | AF86: /VFEP_Box_Minigun.description | AG86: /VFEP_Box_Minigun.label | AH86: /VFEP_Box_Railgun.description | AI86: /VFEP_Box_Railgun.label | AJ86: /VFEP_Box_SalvagedLaserEradicator.description | AK86: /VFEP_Box_SalvagedLaserEradicator.label | AL86: /VFEP_Box_Slugthrower.description | AM86: /VFEP_Box_Slugthrower.label | AN86: /VFEP_Box_TearGasGrenadeLauncher.description | AO86: /VFEP_Box_TearGasGrenadeLauncher.label | AP86: /VFEP_Box_UraniumSlugRifle.description | AQ86: /VFEP_Box_UraniumSlugRifle.label | AR86: /VFEP_Bullet_Cannonball.label | AS86: /VFEP_Bullet_GauntletChargeCanon.label | AT86: /VFEP_Bullet_GrapplingHook.label | AU86: /VFEP_Bullet_HandheldCannonCannonball.label | AV86: /VFEP_Bullet_WarcasketAutorifle.label | AW86: /VFEP_Bullet_WarcasketChargeBlaster.label | AX86: /VFEP_Bullet_WarcasketChargeLance.label | AY86: /VFEP_Bullet_WarcasketFoldingGun.label | AZ86: /VFEP_Bullet_WarcasketMinigun.label | BA86: /VFEP_Bullet_WarcasketSlugthrower.label | BB86: /VFEP_Bullet_WarcasketUraniumSlugRifle.label | BC86: /VFEP_CrashedShip_Black.description | BD86: /VFEP_CrashedShip_Black.label | BE86: /VFEP_CrashedShip_Green.description | BF86: /VFEP_CrashedShip_Green.label | BG86: /VFEP_CrashedShip_Orange.description | BH86: /VFEP_CrashedShip_Orange.label | BI86: /VFEP_CrashedShip_Red.description | BJ86: /VFEP_CrashedShip_Red.label | BK86: /VFEP_Filth_Fuel.description | BL86: /VFEP_Filth_Fuel.label | BM86: /VFEP_GauntletChargeCanon.description | BN86: /VFEP_GauntletChargeCanon.label | BO86: /VFEP_IShipChunkBattery.label | BP86: /VFEP_IShipChunkCryptosleepCasket.label | BQ86: /VFEP_IShipChunkDebris.label | BR86: /VFEP_IShipChunkFuelTank.label | BS86: /VFEP_IShipChunkGauntletTurret.label | BT86: /VFEP_IShipChunkReactor.label | BU86: /VFEP_IShipChunkVolatileEngine.label | BV86: /VFEP_IShipMedicalCrate.label | BW86: /VFEP_IShipNutrientPasteCrate.label | BX86: /VFEP_Mech_Spidermine.description | BY86: /VFEP_Mech_Spidermine.label | BZ86: /VFEP_Mech_Spidermine.tools.0.label | CA86: /VFEP_Mech_Wardrone.description | CB86: /VFEP_Mech_Wardrone.label | CC86: /VFEP_Mech_Wardrone.tools.0.label | CD86: /VFEP_Proj_GrenadierGrenade.label | CE86: /VFEP_Rum.description | CF86: /VFEP_Rum.ingestible.ingestCommandString | CG86: /VFEP_Rum.ingestible.ingestReportString | CH86: /VFEP_Rum.label | CI86: /VFEP_Ship_Black.label | CJ86: /VFEP_Ship_Green.label | CK86: /VFEP_Ship_Orange.label | CL86: /VFEP_Ship_Red.label | CM86: /VFEP_ShipChunkBattery.description | CN86: /VFEP_ShipChunkBattery.label | CO86: /VFEP_ShipChunkCryptosleepCasket.description | CP86: /VFEP_ShipChunkCryptosleepCasket.label | CQ86: /VFEP_ShipChunkDebris.description | CR86: /VFEP_ShipChunkDebris.label | CS86: /VFEP_ShipChunkFuelTank.description | CT86: /VFEP_ShipChunkFuelTank.label | CU86: /VFEP_ShipChunkGauntletTurret.comps.1.fuelGizmoLabel | CV86: /VFEP_ShipChunkGauntletTurret.comps.1.fuelLabel | CW86: /VFEP_ShipChunkGauntletTurret.comps.1.outOfFuelMessage | CX86: /VFEP_ShipChunkGauntletTurret.description | CY86: /VFEP_ShipChunkGauntletTurret.label | CZ86: /VFEP_ShipChunkReactor.description | DA86: /VFEP_ShipChunkReactor.label | DB86: /VFEP_ShipChunkVolatileEngine.description | DC86: /VFEP_ShipChunkVolatileEngine.label | DD86: /VFEP_ShipMedicalCrate.description | DE86: /VFEP_ShipMedicalCrate.label | DF86: /VFEP_ShipNutrientPasteCrate.description | DG86: /VFEP_ShipNutrientPasteCrate.label | DH86: /VFEP_SideDropPod.label | DI86: /VFEP_Turret_Cannon.comps.1.fuelGizmoLabel | DJ86: /VFEP_Turret_Cannon.comps.1.fuelLabel | DK86: /VFEP_Turret_Cannon.comps.1.outOfFuelMessage | DL86: /VFEP_Turret_Cannon.description | DM86: /VFEP_Turret_Cannon.label | DN86: /VFEP_Turret_FieldGun.description | DO86: /VFEP_Turret_FieldGun.label | DP86: /VFEP_WarcasketFoundry.description | DQ86: /VFEP_WarcasketFoundry.label | DR86: /VFEP_WarcasketGun_Autorifle.description | DS86: /VFEP_WarcasketGun_Autorifle.label | DT86: /VFEP_WarcasketGun_Autorifle.tools.0.label | DU86: /VFEP_WarcasketGun_Autorifle.tools.1.label | DV86: /VFEP_WarcasketGun_ChargeBlaster.description | DW86: /VFEP_WarcasketGun_ChargeBlaster.label | DX86: /VFEP_WarcasketGun_ChargeBlaster.tools.0.label | DY86: /VFEP_WarcasketGun_ChargeBlaster.tools.1.label | DZ86: /VFEP_WarcasketGun_ChargeLance.description | EA86: /VFEP_WarcasketGun_ChargeLance.label | EB86: /VFEP_WarcasketGun_ChargeLance.tools.0.label | EC86: /VFEP_WarcasketGun_ChargeLance.tools.1.label | ED86: /VFEP_WarcasketGun_CryptoCannon.description | EE86: /VFEP_WarcasketGun_CryptoCannon.label | EF86: /VFEP_WarcasketGun_CryptoCannon.tools.0.label | EG86: /VFEP_WarcasketGun_CryptoCannon.tools.1.label | EH86: /VFEP_WarcasketGun_FoldingGun.description | EI86: /VFEP_WarcasketGun_FoldingGun.label | EJ86: /VFEP_WarcasketGun_FoldingGun.tools.0.label | EK86: /VFEP_WarcasketGun_FoldingGun.tools.1.label | EL86: /VFEP_WarcasketGun_GrenadeLauncher.description | EM86: /VFEP_WarcasketGun_GrenadeLauncher.label | EN86: /VFEP_WarcasketGun_GrenadeLauncher.tools.0.label | EO86: /VFEP_WarcasketGun_GrenadeLauncher.tools.1.label | EP86: /VFEP_WarcasketGun_HandheldCannon.description | EQ86: /VFEP_WarcasketGun_HandheldCannon.label | ER86: /VFEP_WarcasketGun_HandheldCannon.tools.0.label | ES86: /VFEP_WarcasketGun_HandheldCannon.tools.1.label | ET86: /VFEP_WarcasketGun_HeavyFlamer.description | EU86: /VFEP_WarcasketGun_HeavyFlamer.label | EV86: /VFEP_WarcasketGun_HeavyFlamer.tools.0.label | EW86: /VFEP_WarcasketGun_HeavyFlamer.tools.1.label | EX86: /VFEP_WarcasketGun_LaserBlaster.description | EY86: /VFEP_WarcasketGun_LaserBlaster.label | EZ86: /VFEP_WarcasketGun_LaserBlaster.tools.0.label | FA86: /VFEP_WarcasketGun_Minigun.description | FB86: /VFEP_WarcasketGun_Minigun.label | FC86: /VFEP_WarcasketGun_Minigun.tools.0.label | FD86: /VFEP_WarcasketGun_Minigun.tools.1.label | FE86: /VFEP_WarcasketGun_Railgun.description | FF86: /VFEP_WarcasketGun_Railgun.label | FG86: /VFEP_WarcasketGun_Railgun.tools.0.label | FH86: /VFEP_WarcasketGun_SalvagedLaserEradicator.description | FI86: /VFEP_WarcasketGun_SalvagedLaserEradicator.label | FJ86: /VFEP_WarcasketGun_SalvagedLaserEradicator.tools.0.label | FK86: /VFEP_WarcasketGun_Slugthrower.description | FL86: /VFEP_WarcasketGun_Slugthrower.label | FM86: /VFEP_WarcasketGun_Slugthrower.tools.0.label | FN86: /VFEP_WarcasketGun_Slugthrower.tools.1.label | FO86: /VFEP_WarcasketGun_TearGasGrenadeLauncher.description | FP86: /VFEP_WarcasketGun_TearGasGrenadeLauncher.label | FQ86: /VFEP_WarcasketGun_TearGasGrenadeLauncher.tools.0.label | FR86: /VFEP_WarcasketGun_TearGasGrenadeLauncher.tools.1.label | FS86: /VFEP_WarcasketGun_UraniumSlugRifle.description | FT86: /VFEP_WarcasketGun_UraniumSlugRifle.label | FU86: /VFEP_WarcasketGun_UraniumSlugRifle.tools.0.label | FV86: /VFEP_WarcasketGun_UraniumSlugRifle.tools.1.label | FW86: /VFEP_WarcasketMeleeWeapon_Broadsword.description | FX86: /VFEP_WarcasketMeleeWeapon_Broadsword.label | FY86: /VFEP_WarcasketMeleeWeapon_Broadsword.tools.0.label | FZ86: /VFEP_WarcasketMeleeWeapon_Broadsword.tools.1.label | GA86: /VFEP_WarcasketMeleeWeapon_CombatKnife.description | GB86: /VFEP_WarcasketMeleeWeapon_CombatKnife.label | GC86: /VFEP_WarcasketMeleeWeapon_CombatKnife.tools.0.label | GD86: /VFEP_WarcasketMeleeWeapon_CombatKnife.tools.1.label | GE86: /VFEP_WarcasketMeleeWeapon_GravityHammer.description | GF86: /VFEP_WarcasketMeleeWeapon_GravityHammer.label | GG86: /VFEP_WarcasketMeleeWeapon_GravityHammer.tools.0.label | GH86: /VFEP_WarcasketMeleeWeapon_GravityHammer.tools.1.label | GI86: /VFEP_WarcasketMeleeWeapon_PlasmaSword.description | GJ86: /VFEP_WarcasketMeleeWeapon_PlasmaSword.label | GK86: /VFEP_WarcasketMeleeWeapon_PlasmaSword.tools.0.label | GL86: /VFEP_WarcasketMeleeWeapon_PlasmaSword.tools.1.label | GM86: /VFEPGun_MiniBlaster.description | GN86: /VFEPGun_MiniBlaster.label | GO86: /VFEPGun_MiniBlaster.tools.0.label | GP86: /VWEL_Bullet_LaserRifle.description | GQ86: /VWEL_Bullet_LaserRifle.label | GR86: /VWEP_Bullet_WarcasketSalvagedLaserEradicator.description | GS86: /VWEP_Bullet_WarcasketSalvagedLaserEradicator.label
B87: =_xlfn.CONCAT($A87,REPLACE(B88,1,1,"+")) -> +houghtDef+oolCapacityDef+raitDef+FECore.Abilities.AbilityDef+FECore.ExpandableProjectileDef+FECore.Misc.HireableFactionDef+FEPirates.CurseDef+FEPirates.WarcasketDef+orkGiverDef+orldObjectDef+eyed+ | C87: 폰 드랍 | D87: 어깨에 통합된 갈고리가 있는 해병 갑옷의 변형형입니다. 이 갑옷은 표준 해병 갑옷보다 약간 덜 보호됩니다. 발사기는 탄약이 필요하지 않지만, 다음 발사를 위해 다시 감아줄 시간이 필요합니다. 사병들은 일반적으로 위험한 상황에서 쉽게 진입하고 빠져나오는데 특화되어 있습니다. 갈고리는 벽이나 단단한 바위에 연결되어 사용자가 원하는 위치로 신속하게 이동할 수 있도록 도와줍니다. | E87: 사병용 갑옷 | F87: 착용자가 10일마다 수동으로 럼을 생산할 수 있는 크고 불편한 수트입니다. 그러나 지나치게 땀을 흘려 습기가 많은 옷을 입고 있는 것처럼 착용감이 좋지 않습니다.\n\n이 수트에는 고효율 필터, 열 교환 필라멘트 및 염 침전기가 포함되어 있습니다. 소변과 대변은 허벅지 패드에서 처리되며, 디자인 전체에는 다양한 수집 포켓에 연결되는 튜브가 있습니다. 재 처리된 체액은 영양죽의 알코올 유도체로 증류되어, 모든 포켓이 가득 찬 경우 배출될 수 있습니다.\n\n수트를 벗기면 쌓인 액체가 증발하며, 착용자에게 맞게 오랜 시간을 소요하여 올바르게 조절해야 합니다. 디자인 상 이 수트는 내부 수트와 함께 착용해야 하며, 머리를 덮지 않는 부족함은 효율성을 감소시키지만 머리 보호대와 함께 착용할 수 있도록 일부러 그렇게 설계되었습니다. | G87: 럼수트 | H87: 모든종류의 포탄을 발사하는 유인포입니다. 박격포의 모든 장점과 단점을 갖는 변형으로, 90도 원뿔형 직사포를 사용하여, 두배로 빠른 효과적인 연사력을 가지고 있습니다. | I87: 야포 | J87: 모든종류의 포탄을 발사하는 유인포입니다. 박격포의 모든 장점과 단점을 갖는 변형으로, 90도 원뿔형 직사포를 사용하여, 두배로 빠른 효과적인 연사력을 가지고 있습니다. | K87: 야포 | L87: 워캐스킷이 사용하기 위해 설계된 휴대용 대형 포탑입니다. 총열이 짧아져서 사거리가 줄어들고, 포탑형 버전에 비해 관통력과 데미지가 적습니다. 그러나 근거리 전투에서 매우 강력하며, 약간의 정확도 손실은 먼 거리에서 보다 큰 범위로 상쇄됩니다. | M87: 워캐스킷 자동소총 | N87: 워캐스킷 전용으로 만들어진 매우 독특한 근접 무기입니다. 이 무기는 엄청난 무게와 베기 힘을 결합하여 근접 전투에서 무적에 가까운 효과를 발휘합니다. 워캐스킷끼리의 전투에 사용하기 위해 설계되었으나, 일반적으로 무장되었다고 간주되는 작은 대상에 대해서도 탁월한 성능을 보여줍니다. | O87: 워캐스킷 브로드소드 | P87: 워캐스킷이 사용하기 위해 설계된 확대된 전자기 미니건입니다. 각 발사당 발사체 수는 줄어들지만, 폭발성 탄두가 장착된 개량된 탄약이 사용됩니다. 이 무기는 끝을 맞이하는 불운한 놈들의 엄호를 완전히 무효화하는 지원화기로서 설계되었습니다. | Q87: 워캐스킷 전자기 블래스터 | R87: 전장에서의 공포, 전자기랜스는 워캐스킷 사용을 위해 대대적인 업그레이드를 받았습니다. 상당히 강력한 에너지원으로 인해 탁월한 저지력을 갖추게 되었으며, 개선된 정확도와 관통력으로 더 큰 발사체를 더 멀리 발사할 수 있습니다. | S87: 워캐스킷 전자기 랜스 | T87: 워캐스킷이 사용하기 위해 설계된 전투용 단검의 확대된 버전입니다. 워캐스킷과 비교하여 크기가 크기 때문에 여전히 단검으로 불리지만, 이 단검은 사람을 반으로 가를 수 있을 정도로 강력하며 크기도 큽니다. 경량방탄으로 보호된 고립된 대상에게 우선적으로 공격하는 워캐스킷들에게 선호되는 무기입니다. | U87: 워캐스킷 전투용 단검 | V87: 워캐스킷에게 도시환경에서 신속한 원거리 대응을 제공하기 위해 설계된 무기로, 보관 및 운송의 편의를 위해 접을 수 있습니다. 보통 수준의 피해와 정확도는 이러한 편의를 위한 타협으로 받아들여지며, 연사력의 증가와 최소한의 조준으로 '뿌리고 기도하라'기능을 개선합니다. | W87: 워캐스킷 접이식 총 | X87: 과잉된 크기의 워캐스킷만이 제대로 활용할 수 있는 대인용 기술의 혁신적인 한부분입니다. 사실상 메카의 사지 구동기 끝에 부착된 엔진 블록으로, 소형 반발력 발생기가 장착된 다수의 공기 압축판을 갖추고 있어 시위 진압용으로 설계되었습니다. 쉽게 말하자면, 머리로 타격을 가하면 대상은 몇 미터 뒤로 날아갈 것입니다. | Y87: 워캐스킷 중력 망치 | Z87: 워캐스킷이 사용하기 위해 설계된 유탄 발사기의 확대된 버전입니다. 직선적인 업그레이드로, 3연발로 발사되며 반동 완화로 인해 빠른 회복과 더 좋은 사거리를 제공합니다. 그러나 다른 모든 발사기와 마찬가지로, 손으로 던진 수류탄과 비교하여 명중 반경이 더 나쁩니다. | AA87: 워캐스킷 유탄 발사기 | AB87: 본질적으로는 평탄한 화포구를 가진 휴대용 박격포로, 폭발물을 곡선으로 발사하여 적의 요새를 무시할 수 있습니다. 고대 해전 전략을 현대 기술과 결합하고자 하는 사람들에 의해 만들어졌습니다. 정확도는 엉망이지만 기체 내 제작장치가 탄약 보급 없이도 대포 사격이 가능하게 해줍니다. | AC87: 워캐스킷 휴대용 대포 | AD87: 워캐스킷이 사용하기 위해 설계된 화염방사기의 확대된 버전입니다. 이무기는 이중 총열과 더 큰 열 배출기를 갖추어 두 개의 불꽃을 분출할 수 있으며, 과열을 방지하기 위한 시간이 더 적게 필요합니다. 이로 인해 중화염방사기는 더욱 강력한 화염 공격을 수행할 수 있으며, 과열을 예방하기 위해 더 잦은 연사가 가능합니다. | AE87: 워캐스킷 중화염방사기 | AF87: 워캐스킷이 사용하기 위해 설계된 미니건의 확대된 버전입니다. 많은 수의 탄약을 사용하기 때문에 대량 생산된 탄약들은 품질이 좋지 않습니다. 따라서 느린 발사속도와 낮은 방탄 관통력을 가지고 있으나, 그 누구도 이만한 양의 dakka로 끝을 맞이하고싶지 않기 때문에 신경 쓸 필요는 없습니다.WAAAGH! | AG87: 워캐스킷 미니건 | AH87: 회전식 탄창과 세 개의 총열을 갖춘 가우스 랜스의 무시무시한 개조판입니다. 연속 발사를 위해 총열이 발사 전에 충전되어야 하기 때문에 꽤 긴 예열 시간이 필요하지만, 탄환은 상당히 크고, 따라서 더 큰 피해와 더 좋은 사거리를 제공합니다. 부수 피해의 잠재력은 엄청나며, 많은 지휘관들은 이 무기를 야전의 게릴라 전술과 단독 습격 외에 사용을 금지합니다. | AI87: 워캐스킷 레일건 | AJ87: 강화된 벙커 내에서 폭발을 일으키기 위한 공성무기로서 개발된 레이저 기술의 복잡한 한 부분입니다. 거대한 전원 장치 없이 배치 무기를 소형화하기 위해 어깨에 장착된 레이저는 kHz와 Mhz사이의 불규칙한 펄스로 발사됩니다. 결과는 엄청난 폭발을 초래할 수 있어 흔들릴 여지가 없지만, 유효 사거리가 제한되며 커패시터 저장소를 충전하기 위한 긴 예열 기간을 가집니다. | AK87: 워캐스킷에서 회수된 레이저 제거기 | AL87: 워캐스킷이 사용하기 위해 설계된 산탄총의 확대된 버전입니다. 발사되는 각 탄알은 일반 크기의 샷건 슬러그보다 큰 4개의 펠릿을 포함하며, 이로 인해 더 좋은 사거리, 방탄 관통력 및 훨씬 더 큰 피해를 입힙니다. 그러나 반동은 워캐스킷의 반동 완화 시스템에도 불구하고 미칠듯이 강력합니다. | AM87: 워캐스킷 슬러그발사기 | AN87: 워캐스킷이 사용하기 위해 설계된 확대된 버전의 최루탄 발사기입니다. 이 무기는 업그레이드된 형태로, 2발의 탄약을 발사하며 더 강력한 추진체를 사용하여 사거리를 향상시켰습니다. 가스의 분산을 개선하고 두 개의 가스 구름이 겹치지 않도록 지원 사격을 분산시키기 위해 무기의 정확도를 더욱 낮췄습니다. | AO87: 워캐스킷 최루탄 발사기 | AP87: 워캐스킷이 사용하기 위해 설계된 휴대용 저격 포탑입니다. 총열이 짧아져서 관통력이 떨어지며, 반동과 데미지도 포탑형 버전에 비해 약합니다. 그러나 인간 조종사로 인해 최소 사거리 요구사항이 없으며, 중간 사거리에서 더 나은 성능을 발휘합니다. | AQ87: 워캐스킷 우라늄 탄환 소총 | AR87: 대포알 | AS87: 건틀렛 전자기 대포탄 | AT87: 갈고리 | AU87: 대포알 | AV87: 워캐스킷 자동소총 탄 | AW87: 워캐스킷 전자기 블래스터 탄 | AX87: 워캐스킷 전자기 랜스 탄 | AY87: 워캐스킷 접이식 총탄 | AZ87: 워캐스킷 미니건 탄 | BA87: 워캐스킷 슬러그발사기 폭발 | BB87: 우라늄 탄 | BC87: 건틀렛 전투용 우주선은 저궤도 작전을 위해 승인된 함선에서 발사되는 전투용 우주선입니다. 이 우주선은 목표물을 폭격하고 적의 공중 유닛을 제거하기 위해 설계되었으나, 다양한 결함으로 인해 인기를 잃었으며 군수품으로 자주 발견될 수 있습니다.\n\n착륙 장치도 없기 때문에 행성쪽에 착륙하기 부적합하지만, 몇몇 진취적인 사람들은 그렇게 하기로 결정했습니다. 장착된 전자기 대포는 장갑 표적에 완벽하게 효과적이며 내부는 공습부대와 보급품을 수용할 수 있도록 개조되었습니다. 추가된 무게는 배가 해복될 수 없고 표면으로 떨어질 때 엄청난 혼란을 만들어 낼 것을 거의 보장합니다. | BD87: 추락한 함선 | BE87: 건틀렛 전투용 우주선은 저궤도 작전을 위해 승인된 함선에서 발사되는 전투용 우주선입니다. 이 우주선은 목표물을 폭격하고 적의 공중 유닛을 제거하기 위해 설계되었으나, 다양한 결함으로 인해 인기를 잃었으며 군수품으로 자주 발견될 수 있습니다.\n\n착륙 장치도 없기 때문에 행성쪽에 착륙하기 부적합하지만, 몇몇 진취적인 사람들은 그렇게 하기로 결정했습니다. 장착된 전자기 대포는 장갑 표적에 완벽하게 효과적이며 내부는 공습부대와 보급품을 수용할 수 있도록 개조되었습니다. 추가된 무게는 배가 해복될 수 없고 표면으로 떨어질 때 엄청난 혼란을 만들어 낼 것을 거의 보장합니다. | BF87: 추락한 함선 | BG87: 건틀렛 전투용 우주선은 저궤도 작전을 위해 승인된 함선에서 발사되는 전투용 우주선입니다. 이 우주선은 목표물을 폭격하고 적의 공중 유닛을 제거하기 위해 설계되었으나, 다양한 결함으로 인해 인기를 잃었으며 군수품으로 자주 발견될 수 있습니다.\n\n착륙 장치도 없기 때문에 행성쪽에 착륙하기 부적합하지만, 몇몇 진취적인 사람들은 그렇게 하기로 결정했습니다. 장착된 전자기 대포는 장갑 표적에 완벽하게 효과적이며 내부는 공습부대와 보급품을 수용할 수 있도록 개조되었습니다. 추가된 무게는 배가 해복될 수 없고 표면으로 떨어질 때 엄청난 혼란을 만들어 낼 것을 거의 보장합니다. | BH87: 추락한 함선 | BI87: 건틀렛 전투용 우주선은 저궤도 작전을 위해 승인된 함선에서 발사되는 전투용 우주선입니다. 이 우주선은 목표물을 폭격하고 적의 공중 유닛을 제거하기 위해 설계되었으나, 다양한 결함으로 인해 인기를 잃었으며 군수품으로 자주 발견될 수 있습니다.\n\n착륙 장치도 없기 때문에 행성쪽에 착륙하기 부적합하지만, 몇몇 진취적인 사람들은 그렇게 하기로 결정했습니다. 장착된 전자기 대포는 장갑 표적에 완벽하게 효과적이며 내부는 공습부대와 보급품을 수용할 수 있도록 개조되었습니다. 추가된 무게는 배가 해복될 수 없고 표면으로 떨어질 때 엄청난 혼란을 만들어 낼 것을 거의 보장합니다. | BJ87: 추락한 함선 | BK87: 가연성 화학연료의 웅덩이입니다. | BL87: 화학연료 웅덩이 | BM87: 저궤도에서 함대함 전투에 자주 사용되는 함선 탑재 대장갑 전자기 대포입니다. | BN87: 건틀렛 전자기 대포 | BO87: 함선 조각 배터리 (들어오는 중) | BP87: 함선 조각 냉동관 (들어오는 중) | BQ87: 함선 조각 파편 (들어오는 중) | BR87: 함선 조각 연료 탱크 (들어오는 중) | BS87: 함선 조각 건틀렛 포탑 (들어오는 중) | BT87: 함선 조각 반응로 (들어오는 중) | BU87: 함선 조각 폭발성 엔진 (들어오는 중) | BV87: 함선 조각 의료 상자 (들어오는 중) | BW87: 함선 조각 영양죽 상자 (들어오는 중) | BX87: 경로 탐색 기능을 내장하고 있는 준-자율 전투 드론입니다. 자체 파괴 모듈과 추적 시스템을 장착하여 페이로드로 발사되어 적 대상을 탐색합니다. 주변에 적이 발견되지 않을 경우 잠재적인 사고를 방지하기 위해 즉시 폭발합니다. | BY87: 거미지뢰 | BZ87: 프레임 | CA87: 제한된 전투 기능을 갖춘 준-자율 비행 전투 드론입니다. 제한된 반동 흡수 능력을 갖춘 가벼운 반자동 미니포탑과 함께 장착되어 있으며, 적의 포로화를 방지하고 근접 공격자에 대한 방어를 위해 자체 파괴 모듈을 탑재하고 있습니다. | CB87: 전쟁드론 | CC87: 포탑 | CD87: 파편 수류탄 | CE87: 럼수트를 입은 사람들의 재활용된 체액으로 만든 고도의 알코올 음료입니다.\n\n이는 사기를 향상시키는 것 뿐만 아니라, 선원들이 식량 보급이나 배설물 처리 없이도 더 오랜 시간 작전을 수행할 수 있는 탁월한 방법입니다. 럼은 단백질 음료와 유사한 농도로 마시기가 어렵고, 알코올은 재활용된 영양죽 배급기 기술로부터 나오는 원래의 불쾌한 맛을 가리는데 도움이 됩니다. | CF87: 마시기 {0} | CG87: 마시는 중 {0}. | CH87: 럼 | CI87: 함선 (들어오는 중) | CJ87: 함선 (들어오는 중) | CK87: 함선 (들어오는 중) | CL87: 함선 (들어오는 중) | CM87: 고출력 시스템을 잠시 동안 구동하기 위해 사용되는 함선용 배터리의 완전히 훼손된 잔해입니다. 이 배터리는 변방계 배터리 기술을 훨씬 뛰어넘었지만, 더 이상 충전할 수 없으며, 저장된 충전량이 소진된 후에는 괜찮은 획득물을 얻을 수 있씁니다. | CN87: 함선 조각 배터리 | CO87: 함선의 선체에 걸린 자체 전원 동면관입니다. 동면중인 승객은 여전히 모듈로부터 회복될수 있으나, 대부분의 재료는 금속 스크랩 이하로 가치가 없으며, 크게 활용할 수 있는 부분은 거의 없습니다. | CP87: 함선 조각 동면관 | CQ87: 전투용 우주선의 파편입니다. 이는 비제어 재진입력이나 어떤 종류의 무기에 의해 찢어진 것으로 보입니다. 이 파편은 이중층 장갑판과 제어 시스템으로 밀집되어 있으며, 분해하여 확보 할 수 있습니다. | CR87: 함선 조각 파편 | CS87: 함선의 탱크에 놓인 화학연료가 선체에 관통되어 터졌습니다. 일부 유체는 회수할 수 있지만 대부분은 오염물질로 가득 차 있으며 누수되어 화재위험을 야기합니다. 이는 세상이 타오르는 모습을 지켜보기를 원하는 어떤 방화광의 최우선 목표입니다. | CT87: 함선 조각 연료탱크 | CU87: 총열 내구도 | CV87: 총열 교체까지의 발사 횟수 | CW87: 발사 불가: 새로운 총열이 필요합니다. | CX87: 건틀렛 전자기 대포의 덮개 잔해입니다. 외부에서 전원을 공급받으며, 탄약 저장 공간은 파괴되어 교체될 수 없습니다. 포탑이 탄을 소모한 후에도, 여전히 회수할 가치가 있는 소중한 폐품입니다. | CY87: 함선 조각 건틀렛 포탑 | CZ87: 전투용 우주선의 핵 반응로의 잔해입니다. 저출력형으로 설계되었으며, 에너지 저장 장치와 함께 작동되도록 설계되었습니다. 놀랍게도, 반응로는 구조적인 손상 없이 완전히 작동 가능합니다. 따라서 지상 작전에 안전하게 사용할 수 있습니다. | DA87: 함선 조각 반응로 | DB87: 대기 중 사용을 위해 설계된 전투용 우주선의 자체 전원 터보 엔진입니다. 제어 및 안전 시스템이 손상되어 터빈이 충분한 공기를 흡입하여 자체 냉각을 할 수 없습니다. 적절하게 분해되지 않으면 누적된 에너지로 인해 스스로를 조각낼것입니다. | DC87: 함선 조각 폭발성 엔진 | DD87: 봉인이 해제된 상자로서 응급 처치 용품이 포함되어 있습니다. 이 팔레트는 강철로 분해될 수 있으며, 동시에 응급 처치 용품을 회수할 수도 있습니다. | DE87: 함선 의료 상자 | DF87: 봉인이 해제된 상자로서 비상용 식량이 포함되어 있습니다. 이 필레트는 강철로 분해될 수 있으며, 동시에 식량을 회수할 수도 있습니다. | DG87: 함선 영양죽 상자 | DH87: 드롭 포드 (들어오는 중) | DI87: 대포알 | DJ87: 대포알 | DK87: 발사 불가: 대포알이 필요합니다. | DL87: 근거리에서 강철로 만들어진 근사한 원형의 포탄을 발사하는 180도 회전 가능한 휴대용 중세 대포입니다.정확도는 다소 부족하지만, 투석기에 비해 크게 발전한 것으로, 상당히 빠른 발사 속도를 가지고 있습니다. | DM87: 대포 | DN87: 모든종류의 포탄을 발사하는 유인포입니다. 박격포의 모든 장점과 단점을 갖는 변형으로, 90도 원뿔형 직사포를 사용하여, 두배로 빠른 효과적인 연사력을 가지고 있습니다. | DO87: 야포 | DP87: 작업자가 사람을 워캐스킷의 프레임에 장착할 수 있도록 설계된 4개의 작동 암을 갖춘 복합 주조 공장입니다. 일단 한번 잠기면, 조종사는 절차가 끝날대까지 벗어날 수 없습니다.\n\n먼저, 운용자는 그들의 신경과 팔다리를 영구적으로 프레임에 연결하는 작업을 시작합니다. 워캐스킷은 마모 또는 손상을 감지하도록 설계되지 않았기 때문에 운용자는 아무런 고통도 느끼지 않을 것입니다. 마지막 리벳이 끼워지고 마지막 판이 용접되며 전력 시스템이 가동되면, 조종사는 공장에서 빠져나올 수 있습니다. 그 전까지는 사실상 매장된 채로 외부의 도움이 필요하며, 식사와 같은 외부 지원이 필요할 것입니다.\n\n워캐스킷의 다양한 부품들은 하나의 단일한 통일체로 프레임에 용접되기 때문에, 상황에 맞게 다양한 디자인을 혼합하여 사용할 수 있습니다. 그러나 나중 세대의 일부 전투용 갑옷은 동일한 시리즈의 일부로 사용될 때 더욱 효과적으로 작동합니다. | DQ87: 워캐스킷 주조 공장 | DR87: 워캐스킷이 사용하기 위해 설계된 휴대용 대형 포탑입니다. 총열이 짧아져서 사거리가 줄어들고, 포탑형 버전에 비해 관통력과 데미지가 적습니다. 그러나 근거리 전투에서 매우 강력하며, 약간의 정확도 손실은 먼 거리에서 보다 큰 범위로 상쇄됩니다. | DS87: 워캐스킷 자동소총 | DT87: 손잡이 | DU87: 총열 | DV87: 워캐스킷이 사용하기 위해 설계된 확대된 전자기 미니건입니다. 각 발사당 발사체 수는 줄어들지만, 폭발성 탄두가 장착된 개량된 탄약이 사용됩니다. 이 무기는 끝을 맞이하는 불운한 놈들의 엄호를 완전히 무효화하는 지원화기로서 설계되었습니다. | DW87: 워캐스킷 전자기 블래스터 | DX87: 손잡이 | DY87: 총열 | DZ87: 전장에서의 공포, 전자기랜스는 워캐스킷 사용을 위해 대대적인 업그레이드를 받았습니다. 상당히 강력한 에너지원으로 인해 탁월한 저지력을 갖추게 되었으며, 개선된 정확도와 관통력으로 더 큰 발사체를 더 멀리 발사할 수 있습니다. | EA87: 워캐스킷 전자기 랜스 | EB87: 손잡이 | EC87: 총열 | ED87: 냉동 기술과 군용 화염방사기를 결합하여 근거리 방어 무기로 사용됩니다. 지역 거부를 위해 직접적인 피해 가능성을 희생하였습니다. 과냉각 입자의 유동에 영향을 받은 사람들에게 가변적인 냉기 효과를 적용하여 조작 능력을 감소시키고 저체온증을 유발합니다. 빠른 이동을 하는 워캐스킷들 한 쌍과 함께 사용하는 것이 이상적입니다. | EE87: 워캐스킷 냉동 대포 | EF87: 손잡이 | EG87: 총열 | EH87: 워캐스킷에게 도시환경에서 신속한 원거리 대응을 제공하기 위해 설계된 무기로, 보관 및 운송의 편의를 위해 접을 수 있습니다. 보통 수준의 피해와 정확도는 이러한 편의를 위한 타협으로 받아들여지며, 연사력의 증가와 최소한의 조준으로 '뿌리고 기도하라'기능을 개선합니다. | EI87: 워캐스킷 접이식 총 | EJ87: 손잡이 | EK87: 총열 | EL87: 워캐스킷이 사용하기 위해 설계된 유탄 발사기의 확대된 버전입니다. 직선적인 업그레이드로, 3연발로 발사되며 반동 완화로 인해 빠른 회복과 더 좋은 사거리를 제공합니다. 그러나 다른 모든 발사기와 마찬가지로, 손으로 던진 수류탄과 비교하여 명중 반경이 더 나쁩니다. | EM87: 워캐스킷 유탄 발사기 | EN87: 손잡이 | EO87: 총열 | EP87: 본질적으로는 평탄한 화포구를 가진 휴대용 박격포로, 폭발물을 곡선으로 발사하여 적의 요새를 무시할 수 있습니다. 고대 해전 전략을 현대 기술과 결합하고자 하는 사람들에 의해 만들어졌습니다. 정확도는 엉망이지만 기체 내 제작장치가 탄약 보급 없이도 대포 사격이 가능하게 해줍니다. | EQ87: 워캐스킷 휴대용 대포 | ER87: 손잡이 | ES87: 총열 | ET87: 워캐스킷이 사용하기 위해 설계된 화염방사기의 확대된 버전입니다. 이무기는 이중 총열과 더 큰 열 배출기를 갖추어 두 개의 불꽃을 분출할 수 있으며, 과열을 방지하기 위한 시간이 더 적게 필요합니다. 이로 인해 중화염방사기는 더욱 강력한 화염 공격을 수행할 수 있으며, 과열을 예방하기 위해 더 잦은 연사가 가능합니다. | EU87: 워캐스킷 중화염방사기 | EV87: 손잡이 | EW87: 총열 | EX87: 현대적인 기술과 고대 방식을 결합한 확대된 레이저 무기입니다. 더 큰 중량 허용력을 활용하여 이 시스템은 탄창 대신 고급 배터리 셀을 사용하는 회전식 실린더를 포함하고 있습니다. 이를 통해 무기는 더 강력한 사격을 느린 예열 감소로 발사할 수 있으며, 이는 운용자에게 안전한 지속 사격을 가능하게 합니다. | EY87: 워캐스킷 레이저 블래스터 | EZ87: 총열 | FA87: 워캐스킷이 사용하기 위해 설계된 미니건의 확대된 버전입니다. 많은 수의 탄약을 사용하기 때문에 대량 생산된 탄약들은 품질이 좋지 않습니다. 따라서 느린 발사속도와 낮은 방탄 관통력을 가지고 있으나, 그 누구도 이만한 양의 dakka로 끝을 맞이하고싶지 않기 때문에 신경 쓸 필요는 없습니다.WAAAGH! | FB87: 워캐스킷 미니건 | FC87: 손잡이 | FD87: 총열 | FE87: 회전식 탄창과 세 개의 총열을 갖춘 가우스 랜스의 무시무시한 개조판입니다. 연속 발사를 위해 총열이 발사 전에 충전되어야 하기 때문에 꽤 긴 예열 시간이 필요하지만, 탄환은 상당히 크고, 따라서 더 큰 피해와 더 좋은 사거리를 제공합니다. 부수 피해의 잠재력은 엄청나며, 많은 지휘관들은 이 무기를 야전의 게릴라 전술과 단독 습격 외에 사용을 금지합니다. | FF87: 워캐스킷 레일건 | FG87: 총열 | FH87: 강화된 벙커 내에서 폭발을 일으키기 위한 공성무기로서 개발된 레이저 기술의 복잡한 한 부분입니다. 거대한 전원 장치 없이 배치 무기를 소형화하기 위해 어깨에 장착된 레이저는 kHz와 Mhz사이의 불규칙한 펄스로 발사됩니다. 결과는 엄청난 폭발을 초래할 수 있어 흔들릴 여지가 없지만, 유효 사거리가 제한되며 커패시터 저장소를 충전하기 위한 긴 예열 기간을 가집니다. | FI87: 워캐스킷에서 회수된 레이저 제거기 | FJ87: 총열 | FK87: 워캐스킷이 사용하기 위해 설계된 산탄총의 확대된 버전입니다. 발사되는 각 탄알은 일반 크기의 샷건 슬러그보다 큰 4개의 펠릿을 포함하며, 이로 인해 더 좋은 사거리, 방탄 관통력 및 훨씬 더 큰 피해를 입힙니다. 그러나 반동은 워캐스킷의 반동 완화 시스템에도 불구하고 미칠듯이 강력합니다. | FL87: 워캐스킷 슬러그발사기 | FM87: 손잡이 | FN87: 총열 | FO87: 워캐스킷이 사용하기 위해 설계된 확대된 버전의 최루탄 발사기입니다. 이 무기는 업그레이드된 형태로, 2발의 탄약을 발사하며 더 강력한 추진체를 사용하여 사거리를 향상시켰습니다. 가스의 분산을 개선하고 두 개의 가스 구름이 겹치지 않도록 지원 사격을 분산시키기 위해 무기의 정확도를 더욱 낮췄습니다. | FP87: 워캐스킷 최루탄 발사기 | FQ87: 손잡이 | FR87: 총열 | FS87: 워캐스킷이 사용하기 위해 설계된 휴대용 저격 포탑입니다. 총열이 짧아져서 관통력이 떨어지며, 반동과 데미지도 포탑형 버전에 비해 약합니다. 그러나 인간 조종사로 인해 최소 사거리 요구사항이 없으며, 중간 사거리에서 더 나은 성능을 발휘합니다. | FT87: 워캐스킷 우라늄 탄환 소총 | FU87: 손잡이 | FV87: 총열 | FW87: 워캐스킷 전용으로 만들어진 매우 독특한 근접 무기입니다. 이 무기는 엄청난 무게와 베기 힘을 결합하여 근접 전투에서 무적에 가까운 효과를 발휘합니다. 워캐스킷끼리의 전투에 사용하기 위해 설계되었으나, 일반적으로 무장되었다고 간주되는 작은 대상에 대해서도 탁월한 성능을 보여줍니다. | FX87: 워캐스킷 브로드소드 | FY87: 칼끝 | FZ87: 칼날 | GA87: 워캐스킷이 사용하기 위해 설계된 전투용 단검의 확대된 버전입니다. 워캐스킷과 비교하여 크기가 크기 때문에 여전히 단검으로 불리지만, 이 단검은 사람을 반으로 가를 수 있을 정도로 강력하며 크기도 큽니다. 경량방탄으로 보호된 고립된 대상에게 우선적으로 공격하는 워캐스킷들에게 선호되는 무기입니다. | GB87: 워캐스킷 전투용 단검 | GC87: 칼끝 | GD87: 칼날 | GE87: 과잉된 크기의 워캐스킷만이 제대로 활용할 수 있는 대인용 기술의 혁신적인 한부분입니다. 사실상 메카의 사지 구동기 끝에 부착된 엔진 블록으로, 소형 반발력 발생기가 장착된 다수의 공기 압축판을 갖추고 있어 시위 진압용으로 설계되었습니다. 쉽게 말하자면, 머리로 타격을 가하면 대상은 몇 미터 뒤로 날아갈 것입니다. | GF87: 워캐스킷 중력 망치 | GG87: 망치머리 | GH87: 손잡이 | GI87: 플라즈마 톱의 군사적인 개조판으로, 워캐스킷이 대물 목적으로 사용할 수 있도록 채용되었습니다. 이 바스타드 소드의 원래 의도는 채찍처럼 펼쳐지면서도 간단한 직선 형태를 가질 수 있도록 하는 것이었지만, 플라즈마의 억제 문제로 인해 이 아이디어는 보류되었습니다. 대신, 링크들이 검의 길이를 조절하고 손상된 부분을 쉽게 교체할 수 있도록 사용됩니다. | GJ87: 워캐스킷 플라즈마 검 | GK87: 칼끝 | GL87: 칼날 | GM87: 전쟁드론에 장착되도록 제작된 간단한 총기입니다. | GN87: 미니 블라스터 | GO87: 총열 | GP87: 집중된 레이저 빔입니다. | GQ87: 레이저 | GR87: 불안정한 레이저 빔입니다. | GS87: 불안정한 레이저
A88: ThoughtDef | B88: =_xlfn.CONCAT($A88,REPLACE(B89,1,1,"+")) -> ThoughtDef+oolCapacityDef+raitDef+FECore.Abilities.AbilityDef+FECore.ExpandableProjectileDef+FECore.Misc.HireableFactionDef+FEPirates.CurseDef+FEPirates.WarcasketDef+orkGiverDef+orldObjectDef+eyed+ | C88: =_xlfn.CONCAT($A88,REPLACE(C89,1,1,"+")) -> ThoughtDef+VFEP_AmazingShanties.stages.0.description | D88: =_xlfn.CONCAT($A88,REPLACE(D89,1,1,"+")) -> ThoughtDef+VFEP_AmazingShanties.stages.0.label | E88: =_xlfn.CONCAT($A88,REPLACE(E89,1,1,"+")) -> ThoughtDef+VFEP_BoringShanties.stages.0.description | F88: =_xlfn.CONCAT($A88,REPLACE(F89,1,1,"+")) -> ThoughtDef+VFEP_BoringShanties.stages.0.label | G88: =_xlfn.CONCAT($A88,REPLACE(G89,1,1,"+")) -> ThoughtDef+VFEP_Camaraderie_Exalted_CrewDead.stages.0.description | H88: =_xlfn.CONCAT($A88,REPLACE(H89,1,1,"+")) -> ThoughtDef+VFEP_Camaraderie_Exalted_CrewDead.stages.0.label | I88: =_xlfn.CONCAT($A88,REPLACE(I89,1,1,"+")) -> ThoughtDef+VFEP_Camaraderie_Exalted_DeadCumulative.stages.0.label | ... AP88: =_xlfn.CONCAT($A88,REPLACE(AP89,1,1,"+")) -> ThoughtDef+VFEP_RumSuitThought.stages.0.label
B89: =_xlfn.CONCAT($A89,REPLACE(B90,1,1,"+")) -> +oolCapacityDef+raitDef+FECore.Abilities.AbilityDef+FECore.ExpandableProjectileDef+FECore.Misc.HireableFactionDef+FEPirates.CurseDef+FEPirates.WarcasketDef+orkGiverDef+orldObjectDef+eyed+ | C89: /VFEP_AmazingShanties.stages.0.description | D89: /VFEP_AmazingShanties.stages.0.label | E89: /VFEP_BoringShanties.stages.0.description | F89: /VFEP_BoringShanties.stages.0.label | G89: /VFEP_Camaraderie_Exalted_CrewDead.stages.0.description | H89: /VFEP_Camaraderie_Exalted_CrewDead.stages.0.label | I89: /VFEP_Camaraderie_Exalted_DeadCumulative.stages.0.label | J89: /VFEP_Camaraderie_Exalted_DeadCumulative.stages.1.label | K89: /VFEP_Camaraderie_Exalted_DeadCumulative.stages.10.label | L89: /VFEP_Camaraderie_Exalted_DeadCumulative.stages.11.label | M89: /VFEP_Camaraderie_Exalted_DeadCumulative.stages.12.label | N89: /VFEP_Camaraderie_Exalted_DeadCumulative.stages.13.label | O89: /VFEP_Camaraderie_Exalted_DeadCumulative.stages.14.label | P89: /VFEP_Camaraderie_Exalted_DeadCumulative.stages.15.label | Q89: /VFEP_Camaraderie_Exalted_DeadCumulative.stages.16.label | R89: /VFEP_Camaraderie_Exalted_DeadCumulative.stages.17.label | S89: /VFEP_Camaraderie_Exalted_DeadCumulative.stages.18.label | T89: /VFEP_Camaraderie_Exalted_DeadCumulative.stages.19.label | U89: /VFEP_Camaraderie_Exalted_DeadCumulative.stages.2.label | V89: /VFEP_Camaraderie_Exalted_DeadCumulative.stages.3.label | W89: /VFEP_Camaraderie_Exalted_DeadCumulative.stages.4.label | X89: /VFEP_Camaraderie_Exalted_DeadCumulative.stages.5.label | Y89: /VFEP_Camaraderie_Exalted_DeadCumulative.stages.6.label | Z89: /VFEP_Camaraderie_Exalted_DeadCumulative.stages.7.label | AA89: /VFEP_Camaraderie_Exalted_DeadCumulative.stages.8.label | AB89: /VFEP_Camaraderie_Exalted_DeadCumulative.stages.9.label | AC89: /VFEP_Camaraderie_Exalted_Memory.stages.0.description | AD89: /VFEP_Camaraderie_Exalted_Memory.stages.0.label | AE89: /VFEP_Camaraderie_Respected_CrewDead.stages.0.description | AF89: /VFEP_Camaraderie_Respected_CrewDead.stages.0.label | AG89: /VFEP_Camaraderie_Respected_Memory.stages.0.description | AH89: /VFEP_Camaraderie_Respected_Memory.stages.0.label | AI89: /VFEP_LameShanties.stages.0.description | AJ89: /VFEP_LameShanties.stages.0.label | AK89: /VFEP_RousingShanties.stages.0.description | AL89: /VFEP_RousingShanties.stages.0.label | AM89: /VFEP_RumAsIngredient.stages.0.description | AN89: /VFEP_RumAsIngredient.stages.0.label | AO89: /VFEP_RumSuitThought.stages.0.description | AP89: /VFEP_RumSuitThought.stages.0.label
B90: =_xlfn.CONCAT($A90,REPLACE(B91,1,1,"+")) -> +oolCapacityDef+raitDef+FECore.Abilities.AbilityDef+FECore.ExpandableProjectileDef+FECore.Misc.HireableFactionDef+FEPirates.CurseDef+FEPirates.WarcasketDef+orkGiverDef+orldObjectDef+eyed+ | C90: 우리의 공유된 동지애의 중요성을 상기시켜주는 선장의 매혹적인 말소리가 여전히 들려. 슬픔이 씻겨나가는걸 느낄 수 있어. | D90: 인상적인 뱃노래 | E90: 선장은 열정이 부족해 보이고 동지애가 전혀 느껴지지않아. | F90: 끔찍한 뱃노래 | G90: 우리중 한명을 잃었어. 나는 힘을 얻기 위해 다른 사람들을 봐야겠어. | H90: 동지의 상실 | I90: 어려운 시간을 함께해왔어! | J90: 어려운 시간을 함께해왔어! | K90: 어려운 시간을 함께해왔어! | L90: 어려운 시간을 함께해왔어! | M90: 어려운 시간을 함께해왔어! | N90: 어려운 시간을 함께해왔어! | O90: 어려운 시간을 함께해왔어! | P90: 어려운 시간을 함께해왔어! | Q90: 어려운 시간을 함께해왔어! | R90: 어려운 시간을 함께해왔어! | S90: 어려운 시간을 함께해왔어! | T90: 어려운 시간을 함께해왔어! | U90: 어려운 시간을 함께해왔어! | V90: 어려운 시간을 함께해왔어! | W90: 어려운 시간을 함께해왔어! | X90: 어려운 시간을 함께해왔어! | Y90: 어려운 시간을 함께해왔어! | Z90: 어려운 시간을 함께해왔어! | AA90: 어려운 시간을 함께해왔어! | AB90: 어려운 시간을 함께해왔어! | AC90: 동지와 교류했어. 우리는 천하무적이다! | AD90: 동지와 교류 | AE90: 우리중 한명을 잃었어. 이 얼마나 슬픈 날인가. | AF90: 동지의 상실 | AG90: 동지와 교류하여 우리의 유대감을 강화했어. | AH90: 동지와 교류 | AI90: 선장은 우리를 어린이처럼 대했고, 기분을 복돋아줄 무언가를 간절히 원해. | AJ90: 지루한 뱃노래 | AK90: 빌어먹을!, 멋진 뱃노래야! 선장은 우리 기분을 높여줬고 우리를 더욱 강하게 만들어줄 동료애와 결속감을 느끼게 해줬어. | AL90: 즐거운 뱃노래 | AM90: 맛있는데. | AN90: 럼이 포함된 칵테일을 마심 | AO90: 이수트는 너무 뜨거워. 나 땀에 절었어. | AP90: 땀에 젖음
A91: ToolCapacityDef | B91: =_xlfn.CONCAT($A91,REPLACE(B92,1,1,"+")) -> ToolCapacityDef+raitDef+FECore.Abilities.AbilityDef+FECore.ExpandableProjectileDef+FECore.Misc.HireableFactionDef+FEPirates.CurseDef+FEPirates.WarcasketDef+orkGiverDef+orldObjectDef+eyed+ | C91: =_xlfn.CONCAT($A91,REPLACE(C92,1,1,"+")) -> ToolCapacityDef+VFEP_GravityHammerAttack.label
B92: =_xlfn.CONCAT($A92,REPLACE(B93,1,1,"+")) -> +raitDef+FECore.Abilities.AbilityDef+FECore.ExpandableProjectileDef+FECore.Misc.HireableFactionDef+FEPirates.CurseDef+FEPirates.WarcasketDef+orkGiverDef+orldObjectDef+eyed+ | C92: /VFEP_GravityHammerAttack.label
B93: =_xlfn.CONCAT($A93,REPLACE(B94,1,1,"+")) -> +raitDef+FECore.Abilities.AbilityDef+FECore.ExpandableProjectileDef+FECore.Misc.HireableFactionDef+FEPirates.CurseDef+FEPirates.WarcasketDef+orkGiverDef+orldObjectDef+eyed+ | C93: 중력 망치 공격
A94: TraitDef | B94: =_xlfn.CONCAT($A94,REPLACE(B95,1,1,"+")) -> TraitDef+FECore.Abilities.AbilityDef+FECore.ExpandableProjectileDef+FECore.Misc.HireableFactionDef+FEPirates.CurseDef+FEPirates.WarcasketDef+orkGiverDef+orldObjectDef+eyed+ | C94: =_xlfn.CONCAT($A94,REPLACE(C95,1,1,"+")) -> TraitDef+VFEP_Shellcasket.degreeDatas.0.description | D94: =_xlfn.CONCAT($A94,REPLACE(D95,1,1,"+")) -> TraitDef+VFEP_Shellcasket.degreeDatas.0.label | E94: =_xlfn.CONCAT($A94,REPLACE(E95,1,1,"+")) -> TraitDef+VFEP_WarcasketTrait.degreeDatas.0.description | F94: =_xlfn.CONCAT($A94,REPLACE(F95,1,1,"+")) -> TraitDef+VFEP_WarcasketTrait.degreeDatas.0.label
B95: =_xlfn.CONCAT($A95,REPLACE(B96,1,1,"+")) -> +FECore.Abilities.AbilityDef+FECore.ExpandableProjectileDef+FECore.Misc.HireableFactionDef+FEPirates.CurseDef+FEPirates.WarcasketDef+orkGiverDef+orldObjectDef+eyed+ | C95: /VFEP_Shellcasket.degreeDatas.0.description | D95: /VFEP_Shellcasket.degreeDatas.0.label | E95: /VFEP_WarcasketTrait.degreeDatas.0.description | F95: /VFEP_WarcasketTrait.degreeDatas.0.label
B96: =_xlfn.CONCAT($A96,REPLACE(B97,1,1,"+")) -> +FECore.Abilities.AbilityDef+FECore.ExpandableProjectileDef+FECore.Misc.HireableFactionDef+FEPirates.CurseDef+FEPirates.WarcasketDef+orkGiverDef+orldObjectDef+eyed+ | C96: {PAWN_nameDef}은 워캐스킷에 봉인되어 있었으며, 그 후 잔인하게 봉인 상태에서 끄집어 나와졌습니다. 연결이 해제됨으로써 발생한 신경 및 신경 손상은 심각하여 {PAWN_nameDef}은 지속적이고 고통스러운 통증을 겪으며 사고를 구성하는 것이 거의 불가능합니다. 증상을 치료하려면 {PAWN_nameDef}를 워캐스킷에 다시 설치하는 것만이 해결책입니다. | D96: 쉘캐스킷 | E96: {PAWN_nameDef}은 워캐스킷에 봉해져 있습니다. 어떤 고통도 그에게 영향을 주지 않으며, 고통으로 인해 고통 충격이나 의식을 잃을 일도 없습니다.{PAWN_nameDef}은 워캐스킷에 봉해져 있습니다. 어떤 고통도 그에게 영향을 주지 않으며, 고통으로 인해 고통 충격이나 의식을 잃을 일도 없습니다. 갑옷의 부피가 크고 사용하는 데 많은 에너지가 필요하기 때문에 {PAWN_nameDef}은 어떤 일도 할 수 없습니다. {PAWN_nameDef}은 어떤 일도 할 수 없습니다. | F96: 워캐스킷
A97: VFECore.Abilities.AbilityDef | B97: =_xlfn.CONCAT($A97,REPLACE(B98,1,1,"+")) -> VFECore.Abilities.AbilityDef+FECore.ExpandableProjectileDef+FECore.Misc.HireableFactionDef+FEPirates.CurseDef+FEPirates.WarcasketDef+orkGiverDef+orldObjectDef+eyed+ | C97: =_xlfn.CONCAT($A97,REPLACE(C98,1,1,"+")) -> VFECore.Abilities.AbilityDef+VFEP_BlastOff.description | D97: =_xlfn.CONCAT($A97,REPLACE(D98,1,1,"+")) -> VFECore.Abilities.AbilityDef+VFEP_BlastOff.label | E97: =_xlfn.CONCAT($A97,REPLACE(E98,1,1,"+")) -> VFECore.Abilities.AbilityDef+VFEP_GrapplingHook.description | F97: =_xlfn.CONCAT($A97,REPLACE(F98,1,1,"+")) -> VFECore.Abilities.AbilityDef+VFEP_GrapplingHook.label | G97: =_xlfn.CONCAT($A97,REPLACE(G98,1,1,"+")) -> VFECore.Abilities.AbilityDef+VFEP_PowerJump.description | H97: =_xlfn.CONCAT($A97,REPLACE(H98,1,1,"+")) -> VFECore.Abilities.AbilityDef+VFEP_PowerJump.label | I97: =_xlfn.CONCAT($A97,REPLACE(I98,1,1,"+")) -> VFECore.Abilities.AbilityDef+VFEP_SiegeMode.description | J97: =_xlfn.CONCAT($A97,REPLACE(J98,1,1,"+")) -> VFECore.Abilities.AbilityDef+VFEP_SiegeMode.label
B98: =_xlfn.CONCAT($A98,REPLACE(B99,1,1,"+")) -> +FECore.ExpandableProjectileDef+FECore.Misc.HireableFactionDef+FEPirates.CurseDef+FEPirates.WarcasketDef+orkGiverDef+orldObjectDef+eyed+ | C98: /VFEP_BlastOff.description | D98: /VFEP_BlastOff.label | E98: /VFEP_GrapplingHook.description | F98: /VFEP_GrapplingHook.label | G98: /VFEP_PowerJump.description | H98: /VFEP_PowerJump.label | I98: /VFEP_SiegeMode.description | J98: /VFEP_SiegeMode.label
B99: =_xlfn.CONCAT($A99,REPLACE(B100,1,1,"+")) -> +FECore.ExpandableProjectileDef+FECore.Misc.HireableFactionDef+FEPirates.CurseDef+FEPirates.WarcasketDef+orkGiverDef+orldObjectDef+eyed+ | C99: 자신의 갑옷 뒷부분에 설치된 큰 추진 엔진을 발사하여 세계지도상에 목적지로 선택한 위치로 드롭포드를 내리십시오. 이로 인해 목적지에서는 큰 폭발이 발생하지만, 아마도 당신은 돌아갈 연료가 없는 채로 오도가도 못하게 될 것입니다. | D99: 폭발 발생 | E99: 갈고리는 벽과 단단한 암벽에 연결되어 사용자가 원하는 위치로 빠르게 이동할 수 있도록 해줍니다. 이 발사기는 탄약을 필요로 하지않지만, 다시 감기 위해 시간이 필요합니다. | F99: 갈고리 | G99: 어깨에 장착된 점프 팩을 사용하여 짧은 거리를 이동하고, 비행의 시작과 끝에서 작은 폭발을 일으킬 수 있습니다. | H99: 도약 | I99: 자신을 땅속에 파묻어 안정성을 높이고, 정지된 포병 유닛으로 변신하여 공격 범위와 재장전 효율을 크게 향상시킬 수 있습니다. | J99: 공성 모드
A100: VFECore.ExpandableProjectileDef | B100: =_xlfn.CONCAT($A100,REPLACE(B101,1,1,"+")) -> VFECore.ExpandableProjectileDef+FECore.Misc.HireableFactionDef+FEPirates.CurseDef+FEPirates.WarcasketDef+orkGiverDef+orldObjectDef+eyed+ | C100: =_xlfn.CONCAT($A100,REPLACE(C101,1,1,"+")) -> VFECore.ExpandableProjectileDef+VFE_Bullet_CryptoCannon.label | D100: =_xlfn.CONCAT($A100,REPLACE(D101,1,1,"+")) -> VFECore.ExpandableProjectileDef+VWE_Bullet_WarcasketHeavyFlamer.label | E100: =_xlfn.CONCAT($A100,REPLACE(E101,1,1,"+")) -> VFECore.ExpandableProjectileDef+VWE_Bullet_WarcasketRailgun.label
...

Sheet Junker_First_Female
A1: Abigél
A2: Adrienn
A3: Alexandra
A4: Amália
A5: Amanda
A6: Amira
A7: Anett
A8: Angéla
A9: Angelika
A10: Annabella
A11: Aranka
A12: Barbara
... A130: Zorka

Sheet Junker_First_Male
A1: Adrián
A2: Aladár
A3: Alajos
A4: Albert
A5: Alfréd
A6: Ambrus
A7: András
A8: Arnold
A9: Balázs
A10: Bálint
A11: Barna
A12: Barnabás
... A80: Zétény

Sheet Junker_Last
A1: Great
A2: Tough
A3: Brutal
A4: Dangerous
A5: Savage
A6: Kind
A7: Fast
A8: Amazing
A9: Enormous
A10: Silly
A11: Dumb
A12: Marvelous
... A101: Zealous
